State,District,Subdivision
Andaman and Nicobar,Nicobar Islands,ANDAMAN & NICOBAR ISLANDS
Andaman and Nicobar,North and Middle Andaman,ANDAMAN & NICOBAR ISLANDS
Andaman and Nicobar,South Andaman,ANDAMAN & NICOBAR ISLANDS
Andhra Pradesh,Anantapur,RAYALSEEMA
Andhra Pradesh,Chittoor,RAYALSEEMA
Andhra Pradesh,East Godavari,COASTAL ANDHRA PRADESH
Andhra Pradesh,Guntur,COASTAL ANDHRA PRADESH
Andhra Pradesh,Krishna,COASTAL ANDHRA PRADESH
Andhra Pradesh,Kurnool,RAYALSEEMA
Andhra Pradesh,Nellore,COASTAL ANDHRA PRADESH
Andhra Pradesh,Prakasam,COASTAL ANDHRA PRADESH
Andhra Pradesh,Srikakulam,COASTAL ANDHRA PRADESH
Andhra Pradesh,Visakhapatnam,COASTAL ANDHRA PRADESH
Andhra Pradesh,Vizianagaram,COASTAL ANDHRA PRADESH
Andhra Pradesh,West Godavari,COASTAL ANDHRA PRADESH
Andhra Pradesh,Y.S.R.,RAYALSEEMA
Arunachal Pradesh,Anjaw,ARUNACHAL PRADESH
Arunachal Pradesh,Changlang,ARUNACHAL PRADESH
Arunachal Pradesh,Dibang Valley,ARUNACHAL PRADESH
Arunachal Pradesh,East Kameng,ARUNACHAL PRADESH
Arunachal Pradesh,East Siang,ARUNACHAL PRADESH
Arunachal Pradesh,Kurung Kumey,ARUNACHAL PRADESH
Arunachal Pradesh,Lohit,ARUNACHAL PRADESH
Arunachal Pradesh,Longding,ARUNACHAL PRADESH
Arunachal Pradesh,Lower Dibang Valley,ARUNACHAL PRADESH
Arunachal Pradesh,Lower Subansiri,ARUNACHAL PRADESH
Arunachal Pradesh,Namsai,ARUNACHAL PRADESH
Arunachal Pradesh,Papum Pare,ARUNACHAL PRADESH
Arunachal Pradesh,Tawang,ARUNACHAL PRADESH
Arunachal Pradesh,Tirap,ARUNACHAL PRADESH
Arunachal Pradesh,Upper Siang,ARUNACHAL PRADESH
Arunachal Pradesh,Upper Subansiri,ARUNACHAL PRADESH
Arunachal Pradesh,West Kameng,ARUNACHAL PRADESH
Arunachal Pradesh,West Siang,ARUNACHAL PRADESH
Assam,Baksa,ASSAM & MEGHALAYA
Assam,Barpeta,ASSAM & MEGHALAYA
Assam,Bongaigaon,ASSAM & MEGHALAYA
Assam,Cachar,ASSAM & MEGHALAYA
Assam,Chirang,ASSAM & MEGHALAYA
Assam,Darrang,ASSAM & MEGHALAYA
Assam,Dhemaji,ASSAM & MEGHALAYA
Assam,Dhubri,ASSAM & MEGHALAYA
Assam,Dibrugarh,ASSAM & MEGHALAYA
Assam,Dima Hasao,ASSAM & MEGHALAYA
Assam,Goalpara,ASSAM & MEGHALAYA
Assam,Golaghat,ASSAM & MEGHALAYA
Assam,Hailakandi,ASSAM & MEGHALAYA
Assam,Jorhat,ASSAM & MEGHALAYA
Assam,Kamrup Metropolitan,ASSAM & MEGHALAYA
Assam,Kamrup,ASSAM & MEGHALAYA
Assam,Karbi Anglong,ASSAM & MEGHALAYA
Assam,Karimganj,ASSAM & MEGHALAYA
Assam,Kokrajhar,ASSAM & MEGHALAYA
Assam,Lakhimpur,ASSAM & MEGHALAYA
Assam,Morigaon,ASSAM & MEGHALAYA
Assam,Nagaon,ASSAM & MEGHALAYA
Assam,Nalbari,ASSAM & MEGHALAYA
Assam,Sivasagar,ASSAM & MEGHALAYA
Assam,Sonitpur,ASSAM & MEGHALAYA
Assam,Tinsukia,ASSAM & MEGHALAYA
Assam,Udalguri,ASSAM & MEGHALAYA
Bihar,Araria,BIHAR
Bihar,Arwal,BIHAR
Bihar,Aurangabad,BIHAR
Bihar,Banka,BIHAR
Bihar,Begusarai,BIHAR
Bihar,Bhagalpur,BIHAR
Bihar,Bhojpur,BIHAR
Bihar,Buxar,BIHAR
Bihar,Darbhanga,BIHAR
Bihar,Gaya,BIHAR
Bihar,Gopalganj,BIHAR
Bihar,Jamui,BIHAR
Bihar,Jehanabad,BIHAR
Bihar,Kaimur,BIHAR
Bihar,Katihar,BIHAR
Bihar,Khagaria,BIHAR
Bihar,Kishanganj,BIHAR
Bihar,Lakhisarai,BIHAR
Bihar,Madhepura,BIHAR
Bihar,Madhubani,BIHAR
Bihar,Munger,BIHAR
Bihar,Muzaffarpur,BIHAR
Bihar,Nalanda,BIHAR
Bihar,Nawada,BIHAR
Bihar,Pashchim Champaran,BIHAR
Bihar,Patna,BIHAR
Bihar,Purba Champaran,BIHAR
Bihar,Purnia,BIHAR
Bihar,Rohtas,BIHAR
Bihar,Saharsa,BIHAR
Bihar,Samastipur,BIHAR
Bihar,Saran,BIHAR
Bihar,Sheikhpura,BIHAR
Bihar,Sheohar,BIHAR
Bihar,Sitamarhi,BIHAR
Bihar,Siwan,BIHAR
Bihar,Supaul,BIHAR
Bihar,Vaishali,BIHAR
Chandigarh,Chandigarh,HARYANA DELHI & CHANDIGARH
Chhattisgarh,Baloda Bazar,CHHATTISGARH
Chhattisgarh,Balod,CHHATTISGARH
Chhattisgarh,Balrampur,CHHATTISGARH
Chhattisgarh,Bastar,CHHATTISGARH
Chhattisgarh,Bemetara,CHHATTISGARH
Chhattisgarh,Bijapur,CHHATTISGARH
Chhattisgarh,Bilaspur,CHHATTISGARH
Chhattisgarh,Dantewada,CHHATTISGARH
Chhattisgarh,Dhamtari,CHHATTISGARH
Chhattisgarh,Durg,CHHATTISGARH
Chhattisgarh,Gariaband,CHHATTISGARH
Chhattisgarh,Janjgir-Champa,CHHATTISGARH
Chhattisgarh,Jashpur,CHHATTISGARH
Chhattisgarh,Kabeerdham,CHHATTISGARH
Chhattisgarh,Kondagaon,CHHATTISGARH
Chhattisgarh,Korba,CHHATTISGARH
Chhattisgarh,Koriya,CHHATTISGARH
Chhattisgarh,Mahasamund,CHHATTISGARH
Chhattisgarh,Mungeli,CHHATTISGARH
Chhattisgarh,Narayanpur,CHHATTISGARH
Chhattisgarh,Raigarh,CHHATTISGARH
Chhattisgarh,Raipur,CHHATTISGARH
Chhattisgarh,Rajnandgaon,CHHATTISGARH
Chhattisgarh,Sukma,CHHATTISGARH
Chhattisgarh,Surajpur,CHHATTISGARH
Chhattisgarh,Surguja,CHHATTISGARH
Chhattisgarh,Uttar Bastar Kanker,CHHATTISGARH
Dadra and Nagar Haveli,Dadra and Nagar Haveli,GUJARAT REGION
Daman and Diu,Daman,SAURASHTRA & KUTCH
Daman and Diu,Diu,SAURASHTRA & KUTCH
Goa,North Goa,KONKAN & GOA
Goa,South Goa,KONKAN & GOA
Gujarat,Ahmadabad,GUJARAT REGION
Gujarat,Amreli,SAURASHTRA & KUTCH
Gujarat,Anand,GUJARAT REGION
Gujarat,Aravalli,GUJARAT REGION
Gujarat,Banas Kantha,GUJARAT REGION
Gujarat,Bharuch,GUJARAT REGION
Gujarat,Bhavnagar,SAURASHTRA & KUTCH
Gujarat,Botad,SAURASHTRA & KUTCH
Gujarat,Chhota Udaipur,GUJARAT REGION
Gujarat,Dahod,GUJARAT REGION
Gujarat,Devbhumi Dwarka,SAURASHTRA & KUTCH
Gujarat,Gandhinagar,GUJARAT REGION
Gujarat,Gir Somnath,SAURASHTRA & KUTCH
Gujarat,Jamnagar,SAURASHTRA & KUTCH
Gujarat,Junagadh,SAURASHTRA & KUTCH
Gujarat,Kachchh,SAURASHTRA & KUTCH
Gujarat,Kheda,GUJARAT REGION
Gujarat,Mahesana,GUJARAT REGION
Gujarat,Mahisagar,GUJARAT REGION
Gujarat,Morbi,SAURASHTRA & KUTCH
Gujarat,Narmada,GUJARAT REGION
Gujarat,Navsari,GUJARAT REGION
Gujarat,Panch Mahals,GUJARAT REGION
Gujarat,Patan,GUJARAT REGION
Gujarat,Porbandar,SAURASHTRA & KUTCH
Gujarat,Rajkot,SAURASHTRA & KUTCH
Gujarat,Sabar Kantha,GUJARAT REGION
Gujarat,Surat,GUJARAT REGION
Gujarat,Surendranagar,SAURASHTRA & KUTCH
Gujarat,Tapi,GUJARAT REGION
Gujarat,The Dangs,GUJARAT REGION
Gujarat,Vadodara,GUJARAT REGION
Gujarat,Valsad,GUJARAT REGION
Haryana,Ambala,HARYANA DELHI & CHANDIGARH
Haryana,Bhiwani,HARYANA DELHI & CHANDIGARH
Haryana,Faridabad,HARYANA DELHI & CHANDIGARH
Haryana,Fatehabad,HARYANA DELHI & CHANDIGARH
Haryana,Gurgaon,HARYANA DELHI & CHANDIGARH
Haryana,Hisar,HARYANA DELHI & CHANDIGARH
Haryana,Jhajjar,HARYANA DELHI & CHANDIGARH
Haryana,Jind,HARYANA DELHI & CHANDIGARH
Haryana,Kaithal,HARYANA DELHI & CHANDIGARH
Haryana,Karnal,HARYANA DELHI & CHANDIGARH
Haryana,Kurukshetra,HARYANA DELHI & CHANDIGARH
Haryana,Mahendragarh,HARYANA DELHI & CHANDIGARH
Haryana,Mewat,HARYANA DELHI & CHANDIGARH
Haryana,Palwal,HARYANA DELHI & CHANDIGARH
Haryana,Panchkula,HARYANA DELHI & CHANDIGARH
Haryana,Panipat,HARYANA DELHI & CHANDIGARH
Haryana,Rewari,HARYANA DELHI & CHANDIGARH
Haryana,Rohtak,HARYANA DELHI & CHANDIGARH
Haryana,Sirsa,HARYANA DELHI & CHANDIGARH
Haryana,Sonipat,HARYANA DELHI & CHANDIGARH
Haryana,Yamunanagar,HARYANA DELHI & CHANDIGARH
Himachal Pradesh,Bilaspur,HIMACHAL PRADESH
Himachal Pradesh,Chamba,HIMACHAL PRADESH
Himachal Pradesh,Hamirpur,HIMACHAL PRADESH
Himachal Pradesh,Kangra,HIMACHAL PRADESH
Himachal Pradesh,Kinnaur,HIMACHAL PRADESH
Himachal Pradesh,Kullu,HIMACHAL PRADESH
Himachal Pradesh,Lahul & Spiti,HIMACHAL PRADESH
Himachal Pradesh,Mandi,HIMACHAL PRADESH
Himachal Pradesh,Shimla,HIMACHAL PRADESH
Himachal Pradesh,Sirmaur,HIMACHAL PRADESH
Himachal Pradesh,Solan,HIMACHAL PRADESH
Himachal Pradesh,Una,HIMACHAL PRADESH
Jammu and Kashmir,Anantnag,JAMMU & KASHMIR
Jammu and Kashmir,Badgam,JAMMU & KASHMIR
Jammu and Kashmir,Bandipore,JAMMU & KASHMIR
Jammu and Kashmir,Baramulla,JAMMU & KASHMIR
Jammu and Kashmir,Doda,JAMMU & KASHMIR
Jammu and Kashmir,Ganderbal,JAMMU & KASHMIR
Jammu and Kashmir,Jammu,JAMMU & KASHMIR
Jammu and Kashmir,Kargil,JAMMU & KASHMIR
Jammu and Kashmir,Kathua,JAMMU & KASHMIR
Jammu and Kashmir,Kishtwar,JAMMU & KASHMIR
Jammu and Kashmir,Kulgam,JAMMU & KASHMIR
Jammu and Kashmir,Kupwara,JAMMU & KASHMIR
Jammu and Kashmir,Leh (Ladakh),JAMMU & KASHMIR
Jammu and Kashmir,Poonch,JAMMU & KASHMIR
Jammu and Kashmir,Pulwama,JAMMU & KASHMIR
Jammu and Kashmir,Rajouri,JAMMU & KASHMIR
Jammu and Kashmir,Ramban,JAMMU & KASHMIR
Jammu and Kashmir,Reasi,JAMMU & KASHMIR
Jammu and Kashmir,Samba,JAMMU & KASHMIR
Jammu and Kashmir,Shupiyan,JAMMU & KASHMIR
Jammu and Kashmir,Srinagar,JAMMU & KASHMIR
Jammu and Kashmir,Udhampur,JAMMU & KASHMIR
Jammu and Kashmir,Azad Kashmir,JAMMU & KASHMIR
Jammu and Kashmir,Northern Areas,JAMMU & KASHMIR
Jharkhand,Bokaro,JHARKHAND
Jharkhand,Chatra,JHARKHAND
Jharkhand,Deoghar,JHARKHAND
Jharkhand,Dhanbad,JHARKHAND
Jharkhand,Dumka,JHARKHAND
Jharkhand,Garhwa,JHARKHAND
Jharkhand,Giridih,JHARKHAND
Jharkhand,Godda,JHARKHAND
Jharkhand,Gumla,JHARKHAND
Jharkhand,Hazaribagh,JHARKHAND
Jharkhand,Jamtara,JHARKHAND
Jharkhand,Khunti,JHARKHAND
Jharkhand,Kodarma,JHARKHAND
Jharkhand,Latehar,JHARKHAND
Jharkhand,Lohardaga,JHARKHAND
Jharkhand,Pakur,JHARKHAND
Jharkhand,Palamu,JHARKHAND
Jharkhand,Pashchimi Singhbhum,JHARKHAND
Jharkhand,Purbi Singhbhum,JHARKHAND
Jharkhand,Ramgarh,JHARKHAND
Jharkhand,Ranchi,JHARKHAND
Jharkhand,Sahibganj,JHARKHAND
Jharkhand,Saraikela-kharsawan,JHARKHAND
Jharkhand,Simdega,JHARKHAND
Karnataka,Bagalkot,NORTH INTERIOR KARNATAKA
Karnataka,Bangalore Rural,SOUTH INTERIOR KARNATAKA
Karnataka,Bangalore,SOUTH INTERIOR KARNATAKA
Karnataka,Belgaum,NORTH INTERIOR KARNATAKA
Karnataka,Bellary,SOUTH INTERIOR KARNATAKA
Karnataka,Bidar,NORTH INTERIOR KARNATAKA
Karnataka,Bijapur,NORTH INTERIOR KARNATAKA
Karnataka,Chamrajnagar,SOUTH INTERIOR KARNATAKA
Karnataka,Chikballapura,SOUTH INTERIOR KARNATAKA
Karnataka,Chikmagalur,SOUTH INTERIOR KARNATAKA
Karnataka,Chitradurga,SOUTH INTERIOR KARNATAKA
Karnataka,Dakshina Kannada,COASTAL KARNATAKA
Karnataka,Davanagere,SOUTH INTERIOR KARNATAKA
Karnataka,Dharwad,NORTH INTERIOR KARNATAKA
Karnataka,Gadag,NORTH INTERIOR KARNATAKA
Karnataka,Gulbarga,NORTH INTERIOR KARNATAKA
Karnataka,Hassan,SOUTH INTERIOR KARNATAKA
Karnataka,Haveri,NORTH INTERIOR KARNATAKA
Karnataka,Kodagu,COASTAL KARNATAKA
Karnataka,Kolar,SOUTH INTERIOR KARNATAKA
Karnataka,Koppal,NORTH INTERIOR KARNATAKA
Karnataka,Mandya,SOUTH INTERIOR KARNATAKA
Karnataka,Mysore,SOUTH INTERIOR KARNATAKA
Karnataka,Raichur,NORTH INTERIOR KARNATAKA
Karnataka,Ramanagara,SOUTH INTERIOR KARNATAKA
Karnataka,Shimoga,SOUTH INTERIOR KARNATAKA
Karnataka,Tumkur,SOUTH INTERIOR KARNATAKA
Karnataka,Udupi,COASTAL KARNATAKA
Karnataka,Uttara Kannada,COASTAL KARNATAKA
Karnataka,Yadgir,NORTH INTERIOR KARNATAKA
Kerala,Alappuzha,KERALA
Kerala,Ernakulam,KERALA
Kerala,Idukki,KERALA
Kerala,Kannur,KERALA
Kerala,Kasaragod,KERALA
Kerala,Kollam,KERALA
Kerala,Kottayam,KERALA
Kerala,Kozhikode,KERALA
Kerala,Malappuram,KERALA
Kerala,Palakkad,KERALA
Kerala,Pathanamthitta,KERALA
Kerala,Thiruvananthapuram,KERALA
Kerala,Thrissur,KERALA
Kerala,Wayanad,KERALA
Lakshadweep,Lakshadweep,LAKSHADWEEP
Madhya Pradesh,Agar Malwa,EAST MADHYA PRADESH
Madhya Pradesh,Alirajpur,EAST MADHYA PRADESH
Madhya Pradesh,Anuppur,WEST MADHYA PRADESH
Madhya Pradesh,Ashoknagar,EAST MADHYA PRADESH
Madhya Pradesh,Balaghat,WEST MADHYA PRADESH
Madhya Pradesh,Barwani,EAST MADHYA PRADESH
Madhya Pradesh,Betul,EAST MADHYA PRADESH
Madhya Pradesh,Bhind,EAST MADHYA PRADESH
Madhya Pradesh,Bhopal,EAST MADHYA PRADESH
Madhya Pradesh,Burhanpur,EAST MADHYA PRADESH
Madhya Pradesh,Chhatarpur,WEST MADHYA PRADESH
Madhya Pradesh,Chhindwara,WEST MADHYA PRADESH
Madhya Pradesh,Damoh,WEST MADHYA PRADESH
Madhya Pradesh,Datia,EAST MADHYA PRADESH
Madhya Pradesh,Dewas,EAST MADHYA PRADESH
Madhya Pradesh,Dhar,EAST MADHYA PRADESH
Madhya Pradesh,Dindori,WEST MADHYA PRADESH
Madhya Pradesh,East Nimar,EAST MADHYA PRADESH
Madhya Pradesh,Guna,EAST MADHYA PRADESH
Madhya Pradesh,Gwalior,EAST MADHYA PRADESH
Madhya Pradesh,Harda,EAST MADHYA PRADESH
Madhya Pradesh,Hoshangabad,EAST MADHYA PRADESH
Madhya Pradesh,Indore,EAST MADHYA PRADESH
Madhya Pradesh,Jabalpur,WEST MADHYA PRADESH
Madhya Pradesh,Jhabua,EAST MADHYA PRADESH
Madhya Pradesh,Katni,WEST MADHYA PRADESH
Madhya Pradesh,Mandla,WEST MADHYA PRADESH
Madhya Pradesh,Mandsaur,EAST MADHYA PRADESH
Madhya Pradesh,Morena,EAST MADHYA PRADESH
Madhya Pradesh,Narsimhapur,WEST MADHYA PRADESH
Madhya Pradesh,Neemuch,EAST MADHYA PRADESH
Madhya Pradesh,Panna,WEST MADHYA PRADESH
Madhya Pradesh,Raisen,EAST MADHYA PRADESH
Madhya Pradesh,Rajgarh,EAST MADHYA PRADESH
Madhya Pradesh,Ratlam,EAST MADHYA PRADESH
Madhya Pradesh,Rewa,WEST MADHYA PRADESH
Madhya Pradesh,Sagar,WEST MADHYA PRADESH
Madhya Pradesh,Satna,WEST MADHYA PRADESH
Madhya Pradesh,Sehore,EAST MADHYA PRADESH
Madhya Pradesh,Seoni,WEST MADHYA PRADESH
Madhya Pradesh,Shahdol,WEST MADHYA PRADESH
Madhya Pradesh,Shajapur,EAST MADHYA PRADESH
Madhya Pradesh,Sheopur,EAST MADHYA PRADESH
Madhya Pradesh,Shivpuri,EAST MADHYA PRADESH
Madhya Pradesh,Sidhi,WEST MADHYA PRADESH
Madhya Pradesh,Singrauli,WEST MADHYA PRADESH
Madhya Pradesh,Tikamgarh,WEST MADHYA PRADESH
Madhya Pradesh,Ujjain,EAST MADHYA PRADESH
Madhya Pradesh,Umaria,WEST MADHYA PRADESH
Madhya Pradesh,Vidisha,EAST MADHYA PRADESH
Madhya Pradesh,West Nimar,EAST MADHYA PRADESH
Maharashtra,Ahmadnagar,MADHYA MAHARASHTRA
Maharashtra,Akola,VIDARBHA
Maharashtra,Amravati,VIDARBHA
Maharashtra,Aurangabad,MARATHWADA
Maharashtra,Bhandara,VIDARBHA
Maharashtra,Bid,MARATHWADA
Maharashtra,Buldana,VIDARBHA
Maharashtra,Chandrapur,VIDARBHA
Maharashtra,Dhule,MADHYA MAHARASHTRA
Maharashtra,Garhchiroli,VIDARBHA
Maharashtra,Gondiya,VIDARBHA
Maharashtra,Hingoli,MARATHWADA
Maharashtra,Jalgaon,MADHYA MAHARASHTRA
Maharashtra,Jalna,MARATHWADA
Maharashtra,Kolhapur,MADHYA MAHARASHTRA
Maharashtra,Latur,MARATHWADA
Maharashtra,Mumbai City,KONKAN & GOA
Maharashtra,Mumbai Suburban,KONKAN & GOA
Maharashtra,Nagpur,VIDARBHA
Maharashtra,Nanded,MARATHWADA
Maharashtra,Nandurbar,MADHYA MAHARASHTRA
Maharashtra,Nashik,MADHYA MAHARASHTRA
Maharashtra,Osmanabad,MARATHWADA
Maharashtra,Palghar,KONKAN & GOA
Maharashtra,Parbhani,MARATHWADA
Maharashtra,Pune,MADHYA MAHARASHTRA
Maharashtra,Raigarh,KONKAN & GOA
Maharashtra,Ratnagiri,KONKAN & GOA
Maharashtra,Sangli,MADHYA MAHARASHTRA
Maharashtra,Satara,MADHYA MAHARASHTRA
Maharashtra,Sindhudurg,KONKAN & GOA
Maharashtra,Solapur,MADHYA MAHARASHTRA
Maharashtra,Thane,KONKAN & GOA
Maharashtra,Wardha,VIDARBHA
Maharashtra,Washim,VIDARBHA
Maharashtra,Yavatmal,VIDARBHA
Manipur,Bishnupur,NAGA MANI MIZO TRIPURA
Manipur,Chandel,NAGA MANI MIZO TRIPURA
Manipur,Churachandpur,NAGA MANI MIZO TRIPURA
Manipur,Imphal East,NAGA MANI MIZO TRIPURA
Manipur,Imphal West,NAGA MANI MIZO TRIPURA
Manipur,Senapati,NAGA MANI MIZO TRIPURA
Manipur,Tamenglong,NAGA MANI MIZO TRIPURA
Manipur,Thoubal,NAGA MANI MIZO TRIPURA
Manipur,Ukhrul,NAGA MANI MIZO TRIPURA
Meghalaya,East Garo Hills,ASSAM & MEGHALAYA
Meghalaya,East Khasi Hills,ASSAM & MEGHALAYA
Meghalaya,Jaintia Hills,ASSAM & MEGHALAYA
Meghalaya,North Garo Hills,ASSAM & MEGHALAYA
Meghalaya,Ri Bhoi,ASSAM & MEGHALAYA
Meghalaya,South Garo Hills,ASSAM & MEGHALAYA
Meghalaya,South West Garo Hills,ASSAM & MEGHALAYA
Meghalaya,South West Khasi Hills,ASSAM & MEGHALAYA
Meghalaya,West Garo Hills,ASSAM & MEGHALAYA
Meghalaya,West Khasi Hills,ASSAM & MEGHALAYA
Mizoram,Aizawl,NAGA MANI MIZO TRIPURA
Mizoram,Champhai,NAGA MANI MIZO TRIPURA
Mizoram,Kolasib,NAGA MANI MIZO TRIPURA
Mizoram,Lawangtlai,NAGA MANI MIZO TRIPURA
Mizoram,Lunglei,NAGA MANI MIZO TRIPURA
Mizoram,Mamit,NAGA MANI MIZO TRIPURA
Mizoram,Saiha,NAGA MANI MIZO TRIPURA
Mizoram,Serchhip,NAGA MANI MIZO TRIPURA
Nagaland,Dimapur,NAGA MANI MIZO TRIPURA
Nagaland,Kiphire,NAGA MANI MIZO TRIPURA
Nagaland,Kohima,NAGA MANI MIZO TRIPURA
Nagaland,Longleng,NAGA MANI MIZO TRIPURA
Nagaland,Mokokchung,NAGA MANI MIZO TRIPURA
Nagaland,Mon,NAGA MANI MIZO TRIPURA
Nagaland,Peren,NAGA MANI MIZO TRIPURA
Nagaland,Phek,NAGA MANI MIZO TRIPURA
Nagaland,Tuensang,NAGA MANI MIZO TRIPURA
Nagaland,Wokha,NAGA MANI MIZO TRIPURA
Nagaland,Zunheboto,NAGA MANI MIZO TRIPURA
NCT of Delhi,West,HARYANA DELHI & CHANDIGARH
Odisha,Anugul,ORISSA
Odisha,Balangir,ORISSA
Odisha,Baleshwar,ORISSA
Odisha,Bargarh,ORISSA
Odisha,Bauda,ORISSA
Odisha,Bhadrak,ORISSA
Odisha,Cuttack,ORISSA
Odisha,Debagarh,ORISSA
Odisha,Dhenkanal,ORISSA
Odisha,Gajapati,ORISSA
Odisha,Ganjam,ORISSA
Odisha,Jagatsinghapur,ORISSA
Odisha,Jajapur,ORISSA
Odisha,Jharsuguda,ORISSA
Odisha,Kalahandi,ORISSA
Odisha,Kandhamal,ORISSA
Odisha,Kendrapara,ORISSA
Odisha,Kendujhar,ORISSA
Odisha,Khordha,ORISSA
Odisha,Koraput,ORISSA
Odisha,Malkangiri,ORISSA
Odisha,Mayurbhanj,ORISSA
Odisha,Nabarangapur,ORISSA
Odisha,Nayagarh,ORISSA
Odisha,Nuapada,ORISSA
Odisha,Puri,ORISSA
Odisha,Rayagada,ORISSA
Odisha,Sambalpur,ORISSA
Odisha,Subarnapur,ORISSA
Odisha,Sundargarh,ORISSA
Puducherry,Karaikal,TAMIL NADU
Puducherry,Mahe,KERALA
Puducherry,Puducherry,TAMIL NADU
Puducherry,Yanam,COASTAL ANDHRA PRADESH
Punjab,Amritsar,PUNJAB
Punjab,Barnala,PUNJAB
Punjab,Bathinda,PUNJAB
Punjab,Faridkot,PUNJAB
Punjab,Fatehgarh Sahib,PUNJAB
Punjab,Fazilka,PUNJAB
Punjab,Firozpur,PUNJAB
Punjab,Gurdaspur,PUNJAB
Punjab,Hoshiarpur,PUNJAB
Punjab,Jalandhar,PUNJAB
Punjab,Kapurthala,PUNJAB
Punjab,Ludhiana,PUNJAB
Punjab,Mansa,PUNJAB
Punjab,Moga,PUNJAB
Punjab,Muktsar,PUNJAB
Punjab,Pathankot,PUNJAB
Punjab,Patiala,PUNJAB
Punjab,Rupnagar,PUNJAB
Punjab,Sahibzada Ajit Singh Nagar,PUNJAB
Punjab,Sangrur,PUNJAB
Punjab,Shahid Bhagat Singh Nagar,PUNJAB
Punjab,Tarn Taran,PUNJAB
Rajasthan,Ajmer,EAST RAJASTHAN
Rajasthan,Alwar,EAST RAJASTHAN
Rajasthan,Banswara,EAST RAJASTHAN
Rajasthan,Baran,EAST RAJASTHAN
Rajasthan,Barmer,WEST RAJASTHAN
Rajasthan,Bharatpur,EAST RAJASTHAN
Rajasthan,Bhilwara,EAST RAJASTHAN
Rajasthan,Bikaner,WEST RAJASTHAN
Rajasthan,Bundi,EAST RAJASTHAN
Rajasthan,Chittaurgarh,EAST RAJASTHAN
Rajasthan,Churu,WEST RAJASTHAN
Rajasthan,Dausa,EAST RAJASTHAN
Rajasthan,Dhaulpur,EAST RAJASTHAN
Rajasthan,Dungarpur,EAST RAJASTHAN
Rajasthan,Ganganagar,WEST RAJASTHAN
Rajasthan,Hanumangarh,WEST RAJASTHAN
Rajasthan,Jaipur,EAST RAJASTHAN
Rajasthan,Jaisalmer,WEST RAJASTHAN
Rajasthan,Jalor,WEST RAJASTHAN
Rajasthan,Jhalawar,EAST RAJASTHAN
Rajasthan,Jhunjhunun,EAST RAJASTHAN
Rajasthan,Jodhpur,WEST RAJASTHAN
Rajasthan,Karauli,EAST RAJASTHAN
Rajasthan,Kota,EAST RAJASTHAN
Rajasthan,Nagaur,WEST RAJASTHAN
Rajasthan,Pali,WEST RAJASTHAN
Rajasthan,Pratapgarh,EAST RAJASTHAN
Rajasthan,Rajsamand,EAST RAJASTHAN
Rajasthan,Sawai Madhopur,EAST RAJASTHAN
Rajasthan,Sikar,EAST RAJASTHAN
Rajasthan,Sirohi,EAST RAJASTHAN
Rajasthan,Tonk,EAST RAJASTHAN
Rajasthan,Udaipur,EAST RAJASTHAN
Sikkim,East Sikkim,SUB HIMALAYAN WEST BENGAL & SIKKIM
Sikkim,North Sikkim,SUB HIMALAYAN WEST BENGAL & SIKKIM
Sikkim,South Sikkim,SUB HIMALAYAN WEST BENGAL & SIKKIM
Sikkim,West Sikkim,SUB HIMALAYAN WEST BENGAL & SIKKIM
Tamil Nadu,Ariyalur,TAMIL NADU
Tamil Nadu,Chennai,TAMIL NADU
Tamil Nadu,Coimbatore,TAMIL NADU
Tamil Nadu,Cuddalore,TAMIL NADU
Tamil Nadu,Dharmapuri,TAMIL NADU
Tamil Nadu,Dindigul,TAMIL NADU
Tamil Nadu,Erode,TAMIL NADU
Tamil Nadu,Kancheepuram,TAMIL NADU
Tamil Nadu,Kanniyakumari,TAMIL NADU
Tamil Nadu,Karur,TAMIL NADU
Tamil Nadu,Krishnagiri,TAMIL NADU
Tamil Nadu,Madurai,TAMIL NADU
Tamil Nadu,Nagappattinam,TAMIL NADU
Tamil Nadu,Namakkal,TAMIL NADU
Tamil Nadu,Perambalur,TAMIL NADU
Tamil Nadu,Pudukkottai,TAMIL NADU
Tamil Nadu,Ramanathapuram,TAMIL NADU
Tamil Nadu,Salem,TAMIL NADU
Tamil Nadu,Sivaganga,TAMIL NADU
Tamil Nadu,Thanjavur,TAMIL NADU
Tamil Nadu,The Nilgiris,TAMIL NADU
Tamil Nadu,Theni,TAMIL NADU
Tamil Nadu,Thiruvallur,TAMIL NADU
Tamil Nadu,Thiruvarur,TAMIL NADU
Tamil Nadu,Thoothukkudi,TAMIL NADU
Tamil Nadu,Tiruchirappalli,TAMIL NADU
Tamil Nadu,Tirunelveli,TAMIL NADU
Tamil Nadu,Tiruppur,TAMIL NADU
Tamil Nadu,Tiruvannamalai,TAMIL NADU
Tamil Nadu,Vellore,TAMIL NADU
Tamil Nadu,Viluppuram,TAMIL NADU
Tamil Nadu,Virudunagar,TAMIL NADU
Telangana,Adilabad,TELANGANA
Telangana,Hyderabad,TELANGANA
Telangana,Karimnagar,TELANGANA
Telangana,Khammam,TELANGANA
Telangana,Mahbubnagar,TELANGANA
Telangana,Medak,TELANGANA
Telangana,Nalgonda,TELANGANA
Telangana,Nizamabad,TELANGANA
Telangana,Ranga Reddy,TELANGANA
Telangana,Warangal,TELANGANA
Tripura,Dhalai,NAGA MANI MIZO TRIPURA
Tripura,Gomati,NAGA MANI MIZO TRIPURA
Tripura,Khowai,NAGA MANI MIZO TRIPURA
Tripura,North Tripura,NAGA MANI MIZO TRIPURA
Tripura,Sipahijala,NAGA MANI MIZO TRIPURA
Tripura,South Tripura,NAGA MANI MIZO TRIPURA
Tripura,Unokoti,NAGA MANI MIZO TRIPURA
Tripura,West Tripura,NAGA MANI MIZO TRIPURA
Uttar Pradesh,Agra,WEST UTTAR PRADESH
Uttar Pradesh,Aligarh,WEST UTTAR PRADESH
Uttar Pradesh,Allahabad,EAST UTTAR PRADESH
Uttar Pradesh,Ambedkar Nagar,EAST UTTAR PRADESH
Uttar Pradesh,Amethi,EAST UTTAR PRADESH
Uttar Pradesh,Amroha,WEST UTTAR PRADESH
Uttar Pradesh,Auraiya,WEST UTTAR PRADESH
Uttar Pradesh,Azamgarh,EAST UTTAR PRADESH
Uttar Pradesh,Baghpat,WEST UTTAR PRADESH
Uttar Pradesh,Bahraich,EAST UTTAR PRADESH
Uttar Pradesh,Ballia,EAST UTTAR PRADESH
Uttar Pradesh,Balrampur,EAST UTTAR PRADESH
Uttar Pradesh,Banda,EAST UTTAR PRADESH
Uttar Pradesh,Barabanki,EAST UTTAR PRADESH
Uttar Pradesh,Bareilly,WEST UTTAR PRADESH
Uttar Pradesh,Basti,EAST UTTAR PRADESH
Uttar Pradesh,Bijnor,WEST UTTAR PRADESH
Uttar Pradesh,Budaun,WEST UTTAR PRADESH
Uttar Pradesh,Bulandshahr,WEST UTTAR PRADESH
Uttar Pradesh,Chandauli,EAST UTTAR PRADESH
Uttar Pradesh,Chitrakoot,EAST UTTAR PRADESH
Uttar Pradesh,Deoria,EAST UTTAR PRADESH
Uttar Pradesh,Etah,WEST UTTAR PRADESH
Uttar Pradesh,Etawah,WEST UTTAR PRADESH
Uttar Pradesh,Faizabad,EAST UTTAR PRADESH
Uttar Pradesh,Farrukhabad,WEST UTTAR PRADESH
Uttar Pradesh,Fatehpur,EAST UTTAR PRADESH
Uttar Pradesh,Firozabad,WEST UTTAR PRADESH
Uttar Pradesh,Gautam Buddha Nagar,WEST UTTAR PRADESH
Uttar Pradesh,Ghaziabad,WEST UTTAR PRADESH
Uttar Pradesh,Ghazipur,EAST UTTAR PRADESH
Uttar Pradesh,Gonda,EAST UTTAR PRADESH
Uttar Pradesh,Gorakhpur,EAST UTTAR PRADESH
Uttar Pradesh,Hamirpur,EAST UTTAR PRADESH
Uttar Pradesh,Hapur,WEST UTTAR PRADESH
Uttar Pradesh,Hardoi,EAST UTTAR PRADESH
Uttar Pradesh,Hathras,WEST UTTAR PRADESH
Uttar Pradesh,Jalaun,WEST UTTAR PRADESH
Uttar Pradesh,Jaunpur,EAST UTTAR PRADESH
Uttar Pradesh,Jhansi,WEST UTTAR PRADESH
Uttar Pradesh,Kannauj,WEST UTTAR PRADESH
Uttar Pradesh,Kanpur Dehat,EAST UTTAR PRADESH
Uttar Pradesh,Kanpur Nagar,EAST UTTAR PRADESH
Uttar Pradesh,Kasganj,WEST UTTAR PRADESH
Uttar Pradesh,Kaushambi,EAST UTTAR PRADESH
Uttar Pradesh,Kushinagar,EAST UTTAR PRADESH
Uttar Pradesh,Lakhimpur Kheri,EAST UTTAR PRADESH
Uttar Pradesh,Lalitpur,WEST UTTAR PRADESH
Uttar Pradesh,Lucknow,EAST UTTAR PRADESH
Uttar Pradesh,Maharajganj,EAST UTTAR PRADESH
Uttar Pradesh,Mahoba,EAST UTTAR PRADESH
Uttar Pradesh,Mainpuri,WEST UTTAR PRADESH
Uttar Pradesh,Mathura,WEST UTTAR PRADESH
Uttar Pradesh,Mau,EAST UTTAR PRADESH
Uttar Pradesh,Meerut,WEST UTTAR PRADESH
Uttar Pradesh,Mirzapur,EAST UTTAR PRADESH
Uttar Pradesh,Moradabad,WEST UTTAR PRADESH
Uttar Pradesh,Muzaffarnagar,WEST UTTAR PRADESH
Uttar Pradesh,Pilibhit,WEST UTTAR PRADESH
Uttar Pradesh,Pratapgarh,EAST UTTAR PRADESH
Uttar Pradesh,Rae Bareli,EAST UTTAR PRADESH
Uttar Pradesh,Rampur,WEST UTTAR PRADESH
Uttar Pradesh,Saharanpur,WEST UTTAR PRADESH
Uttar Pradesh,Sambhal,WEST UTTAR PRADESH
Uttar Pradesh,Sant Kabir Nagar,EAST UTTAR PRADESH
Uttar Pradesh,Sant Ravi Das Nagar,EAST UTTAR PRADESH
Uttar Pradesh,Shahjahanpur,WEST UTTAR PRADESH
Uttar Pradesh,Shamli,WEST UTTAR PRADESH
Uttar Pradesh,Shravasti,EAST UTTAR PRADESH
Uttar Pradesh,Siddharth Nagar,EAST UTTAR PRADESH
Uttar Pradesh,Sitapur,EAST UTTAR PRADESH
Uttar Pradesh,Sonbhadra,EAST UTTAR PRADESH
Uttar Pradesh,Sultanpur,EAST UTTAR PRADESH
Uttar Pradesh,Unnao,EAST UTTAR PRADESH
Uttar Pradesh,Varanasi,EAST UTTAR PRADESH
Uttarakhand,Almora,UTTARAKHAND
Uttarakhand,Bageshwar,UTTARAKHAND
Uttarakhand,Chamoli,UTTARAKHAND
Uttarakhand,Champawat,UTTARAKHAND
Uttarakhand,Dehradun,UTTARAKHAND
Uttarakhand,Garhwal,UTTARAKHAND
Uttarakhand,Hardwar,UTTARAKHAND
Uttarakhand,Nainital,UTTARAKHAND
Uttarakhand,Pithoragarh,UTTARAKHAND
Uttarakhand,Rudraprayag,UTTARAKHAND
Uttarakhand,Tehri Garhwal,UTTARAKHAND
Uttarakhand,Udham Singh Nagar,UTTARAKHAND
Uttarakhand,Uttarkashi,UTTARAKHAND
West Bengal,Alipurduar,SUB HIMALAYAN WEST BENGAL & SIKKIM
West Bengal,Bankura,GANGETIC WEST BENGAL
West Bengal,Barddhaman,GANGETIC WEST BENGAL
West Bengal,Birbhum,GANGETIC WEST BENGAL
West Bengal,Dakshin Dinajpur,SUB HIMALAYAN WEST BENGAL & SIKKIM
West Bengal,Darjiling,SUB HIMALAYAN WEST BENGAL & SIKKIM
West Bengal,Haora,GANGETIC WEST BENGAL
West Bengal,Hugli,GANGETIC WEST BENGAL
West Bengal,Jalpaiguri,SUB HIMALAYAN WEST BENGAL & SIKKIM
West Bengal,Koch Bihar,SUB HIMALAYAN WEST BENGAL & SIKKIM
West Bengal,Kolkata,GANGETIC WEST BENGAL
West Bengal,Maldah,SUB HIMALAYAN WEST BENGAL & SIKKIM
West Bengal,Murshidabad,GANGETIC WEST BENGAL
West Bengal,Nadia,GANGETIC WEST BENGAL
West Bengal,North 24 Parganas,GANGETIC WEST BENGAL
West Bengal,Pashchim Medinipur,GANGETIC WEST BENGAL
West Bengal,Purba Medinipur,GANGETIC WEST BENGAL
West Bengal,Puruliya,GANGETIC WEST BENGAL
West Bengal,South 24 Parganas,GANGETIC WEST BENGAL
West Bengal,Uttar Dinajpur,SUB HIMALAYAN WEST BENGAL & SIKKIM
