Stn Code,Sampling Date,State,City/Town/Village/Area,Location of Monitoring Station,Agency,Type of Location,SO2,NO2,RSPM/PM10,SPM
330,1/3/2011,Haryana,Faridabad,"Regional Office, Haryana State Pollution Control Board",Haryana State Pollution Control Board,"Residential, Rural and other Areas",26,44,152,NA
330,1/7/2011,Haryana,Faridabad,"Regional Office, Haryana State Pollution Control Board",Haryana State Pollution Control Board,"Residential, Rural and other Areas",27,52,155,NA
330,1/10/2011,Haryana,Faridabad,"Regional Office, Haryana State Pollution Control Board",Haryana State Pollution Control Board,"Residential, Rural and other Areas",28,54,159,NA
330,1/12/2011,Haryana,Faridabad,"Regional Office, Haryana State Pollution Control Board",Haryana State Pollution Control Board,"Residential, Rural and other Areas",26,52,156,NA
330,14/01/2011,Haryana,Faridabad,"Regional Office, Haryana State Pollution Control Board",Haryana State Pollution Control Board,"Residential, Rural and other Areas",26,46,165,NA
330,17/01/2011,Haryana,Faridabad,"Regional Office, Haryana State Pollution Control Board",Haryana State Pollution Control Board,"Residential, Rural and other Areas",28,46,161,NA
330,19/01/2011,Haryana,Faridabad,"Regional Office, Haryana State Pollution Control Board",Haryana State Pollution Control Board,"Residential, Rural and other Areas",24,56,171,NA
330,21/01/2011,Haryana,Faridabad,"Regional Office, Haryana State Pollution Control Board",Haryana State Pollution Control Board,"Residential, Rural and other Areas",28,51,155,NA
330,24/01/2011,Haryana,Faridabad,"Regional Office, Haryana State Pollution Control Board",Haryana State Pollution Control Board,"Residential, Rural and other Areas",24,52,147,NA
330,28/01/2011,Haryana,Faridabad,"Regional Office, Haryana State Pollution Control Board",Haryana State Pollution Control Board,"Residential, Rural and other Areas",26,55,156,NA
330,2/2/2011,Haryana,Faridabad,"Regional Office, Haryana State Pollution Control Board",Haryana State Pollution Control Board,"Residential, Rural and other Areas",26,51,154,NA
330,2/4/2011,Haryana,Faridabad,"Regional Office, Haryana State Pollution Control Board",Haryana State Pollution Control Board,"Residential, Rural and other Areas",28,54,159,NA
330,2/7/2011,Haryana,Faridabad,"Regional Office, Haryana State Pollution Control Board",Haryana State Pollution Control Board,"Residential, Rural and other Areas",28,56,164,NA
330,2/9/2011,Haryana,Faridabad,"Regional Office, Haryana State Pollution Control Board",Haryana State Pollution Control Board,"Residential, Rural and other Areas",31,52,167,NA
330,2/11/2011,Haryana,Faridabad,"Regional Office, Haryana State Pollution Control Board",Haryana State Pollution Control Board,"Residential, Rural and other Areas",26,47,169,NA
330,14/02/2011,Haryana,Faridabad,"Regional Office, Haryana State Pollution Control Board",Haryana State Pollution Control Board,"Residential, Rural and other Areas",29,56,161,NA
330,21/02/2011,Haryana,Faridabad,"Regional Office, Haryana State Pollution Control Board",Haryana State Pollution Control Board,"Residential, Rural and other Areas",29,61,167,NA
330,23/02/2011,Haryana,Faridabad,"Regional Office, Haryana State Pollution Control Board",Haryana State Pollution Control Board,"Residential, Rural and other Areas",26,55,150,NA
330,25/02/2011,Haryana,Faridabad,"Regional Office, Haryana State Pollution Control Board",Haryana State Pollution Control Board,"Residential, Rural and other Areas",32,57,163,NA
330,28/02/2011,Haryana,Faridabad,"Regional Office, Haryana State Pollution Control Board",Haryana State Pollution Control Board,"Residential, Rural and other Areas",28,57,172,NA
330,3/4/2011,Haryana,Faridabad,"Regional Office, Haryana State Pollution Control Board",Haryana State Pollution Control Board,"Residential, Rural and other Areas",26,53,158,NA
330,3/7/2011,Haryana,Faridabad,"Regional Office, Haryana State Pollution Control Board",Haryana State Pollution Control Board,"Residential, Rural and other Areas",30,57,163,NA
330,3/9/2011,Haryana,Faridabad,"Regional Office, Haryana State Pollution Control Board",Haryana State Pollution Control Board,"Residential, Rural and other Areas",28,58,171,NA
330,3/11/2011,Haryana,Faridabad,"Regional Office, Haryana State Pollution Control Board",Haryana State Pollution Control Board,"Residential, Rural and other Areas",33,55,177,NA
330,14/03/2011,Haryana,Faridabad,"Regional Office, Haryana State Pollution Control Board",Haryana State Pollution Control Board,"Residential, Rural and other Areas",29,51,169,NA
330,16/03/2011,Haryana,Faridabad,"Regional Office, Haryana State Pollution Control Board",Haryana State Pollution Control Board,"Residential, Rural and other Areas",31,57,162,NA
330,18/03/2011,Haryana,Faridabad,"Regional Office, Haryana State Pollution Control Board",Haryana State Pollution Control Board,"Residential, Rural and other Areas",29,61,185,NA
330,21/03/2011,Haryana,Faridabad,"Regional Office, Haryana State Pollution Control Board",Haryana State Pollution Control Board,"Residential, Rural and other Areas",28,55,182,NA
330,25/03/2011,Haryana,Faridabad,"Regional Office, Haryana State Pollution Control Board",Haryana State Pollution Control Board,"Residential, Rural and other Areas",30,57,162,NA
330,28/03/2011,Haryana,Faridabad,"Regional Office, Haryana State Pollution Control Board",Haryana State Pollution Control Board,"Residential, Rural and other Areas",31,57,172,NA
330,30/03/2011,Haryana,Faridabad,"Regional Office, Haryana State Pollution Control Board",Haryana State Pollution Control Board,"Residential, Rural and other Areas",27,53,189,NA
330,4/1/2011,Haryana,Faridabad,"Regional Office, Haryana State Pollution Control Board",Haryana State Pollution Control Board,"Residential, Rural and other Areas",23,45,161,NA
330,4/4/2011,Haryana,Faridabad,"Regional Office, Haryana State Pollution Control Board",Haryana State Pollution Control Board,"Residential, Rural and other Areas",25,49,171,NA
330,4/6/2011,Haryana,Faridabad,"Regional Office, Haryana State Pollution Control Board",Haryana State Pollution Control Board,"Residential, Rural and other Areas",26,52,179,NA
330,4/8/2011,Haryana,Faridabad,"Regional Office, Haryana State Pollution Control Board",Haryana State Pollution Control Board,"Residential, Rural and other Areas",29,47,164,NA
330,13/04/2011,Haryana,Faridabad,"Regional Office, Haryana State Pollution Control Board",Haryana State Pollution Control Board,"Residential, Rural and other Areas",27,46,185,NA
330,15/04/2011,Haryana,Faridabad,"Regional Office, Haryana State Pollution Control Board",Haryana State Pollution Control Board,"Residential, Rural and other Areas",21,52,189,NA
330,18/04/2011,Haryana,Faridabad,"Regional Office, Haryana State Pollution Control Board",Haryana State Pollution Control Board,"Residential, Rural and other Areas",29,54,155,NA
330,20/04/2011,Haryana,Faridabad,"Regional Office, Haryana State Pollution Control Board",Haryana State Pollution Control Board,"Residential, Rural and other Areas",27,54,193,NA
330,25/04/2011,Haryana,Faridabad,"Regional Office, Haryana State Pollution Control Board",Haryana State Pollution Control Board,"Residential, Rural and other Areas",28,53,175,NA
330,27/04/2011,Haryana,Faridabad,"Regional Office, Haryana State Pollution Control Board",Haryana State Pollution Control Board,"Residential, Rural and other Areas",30,57,169,NA
330,5/2/2011,Haryana,Faridabad,"Regional Office, Haryana State Pollution Control Board",Haryana State Pollution Control Board,"Residential, Rural and other Areas",25,48,169,NA
330,5/4/2011,Haryana,Faridabad,"Regional Office, Haryana State Pollution Control Board",Haryana State Pollution Control Board,"Residential, Rural and other Areas",26,46,175,NA
330,5/6/2011,Haryana,Faridabad,"Regional Office, Haryana State Pollution Control Board",Haryana State Pollution Control Board,"Residential, Rural and other Areas",25,50,187,NA
330,5/9/2011,Haryana,Faridabad,"Regional Office, Haryana State Pollution Control Board",Haryana State Pollution Control Board,"Residential, Rural and other Areas",28,51,163,NA
330,5/11/2011,Haryana,Faridabad,"Regional Office, Haryana State Pollution Control Board",Haryana State Pollution Control Board,"Residential, Rural and other Areas",23,53,189,NA
330,13/05/2011,Haryana,Faridabad,"Regional Office, Haryana State Pollution Control Board",Haryana State Pollution Control Board,"Residential, Rural and other Areas",26,54,195,NA
330,16/05/2011,Haryana,Faridabad,"Regional Office, Haryana State Pollution Control Board",Haryana State Pollution Control Board,"Residential, Rural and other Areas",30,55,168,NA
330,18/05/2011,Haryana,Faridabad,"Regional Office, Haryana State Pollution Control Board",Haryana State Pollution Control Board,"Residential, Rural and other Areas",27,57,193,NA
330,20/05/2011,Haryana,Faridabad,"Regional Office, Haryana State Pollution Control Board",Haryana State Pollution Control Board,"Residential, Rural and other Areas",28,49,183,NA
330,23/05/2011,Haryana,Faridabad,"Regional Office, Haryana State Pollution Control Board",Haryana State Pollution Control Board,"Residential, Rural and other Areas",32,57,173,NA
330,25/05/2011,Haryana,Faridabad,"Regional Office, Haryana State Pollution Control Board",Haryana State Pollution Control Board,"Residential, Rural and other Areas",29,54,193,NA
330,27/05/2011,Haryana,Faridabad,"Regional Office, Haryana State Pollution Control Board",Haryana State Pollution Control Board,"Residential, Rural and other Areas",26,55,189,NA
330,30/05/2011,Haryana,Faridabad,"Regional Office, Haryana State Pollution Control Board",Haryana State Pollution Control Board,"Residential, Rural and other Areas",28,56,199,NA
330,6/1/2011,Haryana,Faridabad,"Regional Office, Haryana State Pollution Control Board",Haryana State Pollution Control Board,"Residential, Rural and other Areas",11,16,153,NA
330,6/3/2011,Haryana,Faridabad,"Regional Office, Haryana State Pollution Control Board",Haryana State Pollution Control Board,"Residential, Rural and other Areas",13,18,157,NA
330,6/6/2011,Haryana,Faridabad,"Regional Office, Haryana State Pollution Control Board",Haryana State Pollution Control Board,"Residential, Rural and other Areas",11,17,148,NA
330,6/8/2011,Haryana,Faridabad,"Regional Office, Haryana State Pollution Control Board",Haryana State Pollution Control Board,"Residential, Rural and other Areas",10,19,159,NA
330,6/10/2011,Haryana,Faridabad,"Regional Office, Haryana State Pollution Control Board",Haryana State Pollution Control Board,"Residential, Rural and other Areas",14,17,171,NA
330,13/06/2011,Haryana,Faridabad,"Regional Office, Haryana State Pollution Control Board",Haryana State Pollution Control Board,"Residential, Rural and other Areas",13,18,155,NA
330,17/06/2011,Haryana,Faridabad,"Regional Office, Haryana State Pollution Control Board",Haryana State Pollution Control Board,"Residential, Rural and other Areas",16,19,166,NA
330,20/06/2011,Haryana,Faridabad,"Regional Office, Haryana State Pollution Control Board",Haryana State Pollution Control Board,"Residential, Rural and other Areas",15,15,165,NA
330,22/06/2011,Haryana,Faridabad,"Regional Office, Haryana State Pollution Control Board",Haryana State Pollution Control Board,"Residential, Rural and other Areas",13,20,175,NA
330,24/06/2011,Haryana,Faridabad,"Regional Office, Haryana State Pollution Control Board",Haryana State Pollution Control Board,"Residential, Rural and other Areas",16,17,152,NA
330,27/06/2011,Haryana,Faridabad,"Regional Office, Haryana State Pollution Control Board",Haryana State Pollution Control Board,"Residential, Rural and other Areas",16,15,145,NA
330,29/06/2011,Haryana,Faridabad,"Regional Office, Haryana State Pollution Control Board",Haryana State Pollution Control Board,"Residential, Rural and other Areas",13,18,177,NA
330,7/1/2011,Haryana,Faridabad,"Regional Office, Haryana State Pollution Control Board",Haryana State Pollution Control Board,"Residential, Rural and other Areas",10,13,149,NA
330,7/4/2011,Haryana,Faridabad,"Regional Office, Haryana State Pollution Control Board",Haryana State Pollution Control Board,"Residential, Rural and other Areas",11,16,152,NA
330,7/6/2011,Haryana,Faridabad,"Regional Office, Haryana State Pollution Control Board",Haryana State Pollution Control Board,"Residential, Rural and other Areas",9,14,147,NA
330,7/8/2011,Haryana,Faridabad,"Regional Office, Haryana State Pollution Control Board",Haryana State Pollution Control Board,"Residential, Rural and other Areas",10,15,156,NA
330,7/11/2011,Haryana,Faridabad,"Regional Office, Haryana State Pollution Control Board",Haryana State Pollution Control Board,"Residential, Rural and other Areas",13,16,161,NA
330,13/07/2011,Haryana,Faridabad,"Regional Office, Haryana State Pollution Control Board",Haryana State Pollution Control Board,"Residential, Rural and other Areas",15,16,154,NA
330,15/07/2011,Haryana,Faridabad,"Regional Office, Haryana State Pollution Control Board",Haryana State Pollution Control Board,"Residential, Rural and other Areas",16,17,146,NA
330,18/07/2011,Haryana,Faridabad,"Regional Office, Haryana State Pollution Control Board",Haryana State Pollution Control Board,"Residential, Rural and other Areas",13,16,162,NA
330,20/07/2011,Haryana,Faridabad,"Regional Office, Haryana State Pollution Control Board",Haryana State Pollution Control Board,"Residential, Rural and other Areas",14,20,165,NA
330,22/07/2011,Haryana,Faridabad,"Regional Office, Haryana State Pollution Control Board",Haryana State Pollution Control Board,"Residential, Rural and other Areas",11,11,142,NA
330,25/07/2011,Haryana,Faridabad,"Regional Office, Haryana State Pollution Control Board",Haryana State Pollution Control Board,"Residential, Rural and other Areas",9,11,146,NA
330,27/07/2011,Haryana,Faridabad,"Regional Office, Haryana State Pollution Control Board",Haryana State Pollution Control Board,"Residential, Rural and other Areas",13,18,140,NA
330,29/07/2011,Haryana,Faridabad,"Regional Office, Haryana State Pollution Control Board",Haryana State Pollution Control Board,"Residential, Rural and other Areas",12,15,167,NA
330,8/1/2011,Haryana,Faridabad,"Regional Office, Haryana State Pollution Control Board",Haryana State Pollution Control Board,"Residential, Rural and other Areas",4,12,89,NA
330,8/3/2011,Haryana,Faridabad,"Regional Office, Haryana State Pollution Control Board",Haryana State Pollution Control Board,"Residential, Rural and other Areas",6,10,85,NA
330,8/8/2011,Haryana,Faridabad,"Regional Office, Haryana State Pollution Control Board",Haryana State Pollution Control Board,"Residential, Rural and other Areas",4,11,62,NA
330,8/10/2011,Haryana,Faridabad,"Regional Office, Haryana State Pollution Control Board",Haryana State Pollution Control Board,"Residential, Rural and other Areas",5,10,59,NA
330,17/08/2011,Haryana,Faridabad,"Regional Office, Haryana State Pollution Control Board",Haryana State Pollution Control Board,"Residential, Rural and other Areas",5,13,72,NA
330,19/08/2011,Haryana,Faridabad,"Regional Office, Haryana State Pollution Control Board",Haryana State Pollution Control Board,"Residential, Rural and other Areas",4,12,68,NA
330,24/08/2011,Haryana,Faridabad,"Regional Office, Haryana State Pollution Control Board",Haryana State Pollution Control Board,"Residential, Rural and other Areas",3,9,55,NA
330,26/08/2011,Haryana,Faridabad,"Regional Office, Haryana State Pollution Control Board",Haryana State Pollution Control Board,"Residential, Rural and other Areas",7,11,79,NA
330,29/08/2011,Haryana,Faridabad,"Regional Office, Haryana State Pollution Control Board",Haryana State Pollution Control Board,"Residential, Rural and other Areas",5,12,85,NA
330,9/2/2011,Haryana,Faridabad,"Regional Office, Haryana State Pollution Control Board",Haryana State Pollution Control Board,"Residential, Rural and other Areas",4,19,133,NA
330,9/5/2011,Haryana,Faridabad,"Regional Office, Haryana State Pollution Control Board",Haryana State Pollution Control Board,"Residential, Rural and other Areas",6,23,138,NA
330,9/7/2011,Haryana,Faridabad,"Regional Office, Haryana State Pollution Control Board",Haryana State Pollution Control Board,"Residential, Rural and other Areas",8,18,130,NA
330,9/9/2011,Haryana,Faridabad,"Regional Office, Haryana State Pollution Control Board",Haryana State Pollution Control Board,"Residential, Rural and other Areas",4,21,123,NA
330,9/12/2011,Haryana,Faridabad,"Regional Office, Haryana State Pollution Control Board",Haryana State Pollution Control Board,"Residential, Rural and other Areas",7,4,117,NA
330,14/09/2011,Haryana,Faridabad,"Regional Office, Haryana State Pollution Control Board",Haryana State Pollution Control Board,"Residential, Rural and other Areas",6,13,127,NA
330,16/09/2011,Haryana,Faridabad,"Regional Office, Haryana State Pollution Control Board",Haryana State Pollution Control Board,"Residential, Rural and other Areas",8,16,129,NA
330,19/09/2011,Haryana,Faridabad,"Regional Office, Haryana State Pollution Control Board",Haryana State Pollution Control Board,"Residential, Rural and other Areas",6,29,141,NA
330,21/09/2011,Haryana,Faridabad,"Regional Office, Haryana State Pollution Control Board",Haryana State Pollution Control Board,"Residential, Rural and other Areas",7,25,139,NA
330,26/09/2011,Haryana,Faridabad,"Regional Office, Haryana State Pollution Control Board",Haryana State Pollution Control Board,"Residential, Rural and other Areas",7,21,135,NA
330,30/09/2011,Haryana,Faridabad,"Regional Office, Haryana State Pollution Control Board",Haryana State Pollution Control Board,"Residential, Rural and other Areas",8,24,138,NA
330,10/3/2011,Haryana,Faridabad,"Regional Office, Haryana State Pollution Control Board",Haryana State Pollution Control Board,"Residential, Rural and other Areas",8,23,143,NA
330,10/5/2011,Haryana,Faridabad,"Regional Office, Haryana State Pollution Control Board",Haryana State Pollution Control Board,"Residential, Rural and other Areas",9,30,136,NA
330,10/10/2011,Haryana,Faridabad,"Regional Office, Haryana State Pollution Control Board",Haryana State Pollution Control Board,"Residential, Rural and other Areas",4,28,148,NA
330,10/12/2011,Haryana,Faridabad,"Regional Office, Haryana State Pollution Control Board",Haryana State Pollution Control Board,"Residential, Rural and other Areas",7,36,141,NA
330,14/10/2011,Haryana,Faridabad,"Regional Office, Haryana State Pollution Control Board",Haryana State Pollution Control Board,"Residential, Rural and other Areas",8,37,151,NA
330,17/10/2011,Haryana,Faridabad,"Regional Office, Haryana State Pollution Control Board",Haryana State Pollution Control Board,"Residential, Rural and other Areas",14,43,132,NA
330,19/10/2011,Haryana,Faridabad,"Regional Office, Haryana State Pollution Control Board",Haryana State Pollution Control Board,"Residential, Rural and other Areas",12,39,145,NA
330,21/10/2011,Haryana,Faridabad,"Regional Office, Haryana State Pollution Control Board",Haryana State Pollution Control Board,"Residential, Rural and other Areas",28,52,155,NA
330,24/10/2011,Haryana,Faridabad,"Regional Office, Haryana State Pollution Control Board",Haryana State Pollution Control Board,"Residential, Rural and other Areas",7,49,157,NA
330,28/10/2011,Haryana,Faridabad,"Regional Office, Haryana State Pollution Control Board",Haryana State Pollution Control Board,"Residential, Rural and other Areas",9,46,161,NA
330,11/2/2011,Haryana,Faridabad,"Regional Office, Haryana State Pollution Control Board",Haryana State Pollution Control Board,"Residential, Rural and other Areas",8,26,179,NA
330,11/4/2011,Haryana,Faridabad,"Regional Office, Haryana State Pollution Control Board",Haryana State Pollution Control Board,"Residential, Rural and other Areas",10,27,182,NA
330,11/9/2011,Haryana,Faridabad,"Regional Office, Haryana State Pollution Control Board",Haryana State Pollution Control Board,"Residential, Rural and other Areas",14,33,189,NA
330,11/11/2011,Haryana,Faridabad,"Regional Office, Haryana State Pollution Control Board",Haryana State Pollution Control Board,"Residential, Rural and other Areas",13,35,195,NA
330,14/11/2011,Haryana,Faridabad,"Regional Office, Haryana State Pollution Control Board",Haryana State Pollution Control Board,"Residential, Rural and other Areas",10,34,171,NA
330,16/11/2011,Haryana,Faridabad,"Regional Office, Haryana State Pollution Control Board",Haryana State Pollution Control Board,"Residential, Rural and other Areas",7,42,205,NA
330,18/11/2011,Haryana,Faridabad,"Regional Office, Haryana State Pollution Control Board",Haryana State Pollution Control Board,"Residential, Rural and other Areas",12,41,197,NA
330,21/11/2011,Haryana,Faridabad,"Regional Office, Haryana State Pollution Control Board",Haryana State Pollution Control Board,"Residential, Rural and other Areas",17,47,180,NA
330,23/11/2011,Haryana,Faridabad,"Regional Office, Haryana State Pollution Control Board",Haryana State Pollution Control Board,"Residential, Rural and other Areas",13,49,217,NA
330,25/11/2011,Haryana,Faridabad,"Regional Office, Haryana State Pollution Control Board",Haryana State Pollution Control Board,"Residential, Rural and other Areas",12,43,171,NA
330,28/11/2011,Haryana,Faridabad,"Regional Office, Haryana State Pollution Control Board",Haryana State Pollution Control Board,"Residential, Rural and other Areas",12,45,160,NA
330,30/11/2011,Haryana,Faridabad,"Regional Office, Haryana State Pollution Control Board",Haryana State Pollution Control Board,"Residential, Rural and other Areas",14,46,168,NA
330,12/2/2011,Haryana,Faridabad,"Regional Office, Haryana State Pollution Control Board",Haryana State Pollution Control Board,"Residential, Rural and other Areas",24,50,182,NA
330,12/5/2011,Haryana,Faridabad,"Regional Office, Haryana State Pollution Control Board",Haryana State Pollution Control Board,"Residential, Rural and other Areas",20,52,186,NA
330,12/7/2011,Haryana,Faridabad,"Regional Office, Haryana State Pollution Control Board",Haryana State Pollution Control Board,"Residential, Rural and other Areas",20,46,192,NA
330,12/9/2011,Haryana,Faridabad,"Regional Office, Haryana State Pollution Control Board",Haryana State Pollution Control Board,"Residential, Rural and other Areas",18,46,207,NA
330,12/12/2011,Haryana,Faridabad,"Regional Office, Haryana State Pollution Control Board",Haryana State Pollution Control Board,"Residential, Rural and other Areas",12,49,175,NA
330,14/12/2011,Haryana,Faridabad,"Regional Office, Haryana State Pollution Control Board",Haryana State Pollution Control Board,"Residential, Rural and other Areas",16,41,211,NA
330,16/12/2011,Haryana,Faridabad,"Regional Office, Haryana State Pollution Control Board",Haryana State Pollution Control Board,"Residential, Rural and other Areas",13,42,196,NA
330,19/12/2011,Haryana,Faridabad,"Regional Office, Haryana State Pollution Control Board",Haryana State Pollution Control Board,"Residential, Rural and other Areas",14,49,179,NA
330,21/12/2011,Haryana,Faridabad,"Regional Office, Haryana State Pollution Control Board",Haryana State Pollution Control Board,"Residential, Rural and other Areas",13,49,222,NA
330,23/12/2011,Haryana,Faridabad,"Regional Office, Haryana State Pollution Control Board",Haryana State Pollution Control Board,"Residential, Rural and other Areas",12,48,175,NA
330,28/12/2011,Haryana,Faridabad,"Regional Office, Haryana State Pollution Control Board",Haryana State Pollution Control Board,"Residential, Rural and other Areas",12,47,168,NA
330,30/12/2011,Haryana,Faridabad,"Regional Office, Haryana State Pollution Control Board",Haryana State Pollution Control Board,"Residential, Rural and other Areas",13,44,174,NA
331,1/4/2011,Haryana,Faridabad,"Shivalic Global Industries, Faridabad",Haryana State Pollution Control Board,Industrial Area,33,71,207,NA
331,1/6/2011,Haryana,Faridabad,"Shivalic Global Industries, Faridabad",Haryana State Pollution Control Board,Industrial Area,34,74,217,NA
331,1/11/2011,Haryana,Faridabad,"Shivalic Global Industries, Faridabad",Haryana State Pollution Control Board,Industrial Area,31,74,213,NA
331,13/01/2011,Haryana,Faridabad,"Shivalic Global Industries, Faridabad",Haryana State Pollution Control Board,Industrial Area,35,75,203,NA
331,18/01/2011,Haryana,Faridabad,"Shivalic Global Industries, Faridabad",Haryana State Pollution Control Board,Industrial Area,29,82,207,NA
331,20/01/2011,Haryana,Faridabad,"Shivalic Global Industries, Faridabad",Haryana State Pollution Control Board,Industrial Area,31,86,210,NA
331,25/01/2011,Haryana,Faridabad,"Shivalic Global Industries, Faridabad",Haryana State Pollution Control Board,Industrial Area,35,70,221,NA
331,27/01/2011,Haryana,Faridabad,"Shivalic Global Industries, Faridabad",Haryana State Pollution Control Board,Industrial Area,38,70,198,NA
331,2/1/2011,Haryana,Faridabad,"Shivalic Global Industries, Faridabad",Haryana State Pollution Control Board,Industrial Area,35,74,213,NA
331,2/3/2011,Haryana,Faridabad,"Shivalic Global Industries, Faridabad",Haryana State Pollution Control Board,Industrial Area,37,76,216,NA
331,2/10/2011,Haryana,Faridabad,"Shivalic Global Industries, Faridabad",Haryana State Pollution Control Board,Industrial Area,32,78,219,NA
331,15/02/2011,Haryana,Faridabad,"Shivalic Global Industries, Faridabad",Haryana State Pollution Control Board,Industrial Area,26,69,203,NA
331,17/02/2011,Haryana,Faridabad,"Shivalic Global Industries, Faridabad",Haryana State Pollution Control Board,Industrial Area,39,83,219,NA
331,22/02/2011,Haryana,Faridabad,"Shivalic Global Industries, Faridabad",Haryana State Pollution Control Board,Industrial Area,38,90,210,NA
331,24/02/2011,Haryana,Faridabad,"Shivalic Global Industries, Faridabad",Haryana State Pollution Control Board,Industrial Area,38,94,229,NA
331,3/1/2011,Haryana,Faridabad,"Shivalic Global Industries, Faridabad",Haryana State Pollution Control Board,Industrial Area,37,71,219,NA
331,3/3/2011,Haryana,Faridabad,"Shivalic Global Industries, Faridabad",Haryana State Pollution Control Board,Industrial Area,39,74,226,NA
331,3/8/2011,Haryana,Faridabad,"Shivalic Global Industries, Faridabad",Haryana State Pollution Control Board,Industrial Area,34,68,217,NA
331,3/10/2011,Haryana,Faridabad,"Shivalic Global Industries, Faridabad",Haryana State Pollution Control Board,Industrial Area,26,70,233,NA
331,15/03/2011,Haryana,Faridabad,"Shivalic Global Industries, Faridabad",Haryana State Pollution Control Board,Industrial Area,39,83,219,NA
331,17/03/2011,Haryana,Faridabad,"Shivalic Global Industries, Faridabad",Haryana State Pollution Control Board,Industrial Area,38,72,237,NA
331,22/03/2011,Haryana,Faridabad,"Shivalic Global Industries, Faridabad",Haryana State Pollution Control Board,Industrial Area,40,74,229,NA
331,24/03/2011,Haryana,Faridabad,"Shivalic Global Industries, Faridabad",Haryana State Pollution Control Board,Industrial Area,35,99,241,NA
331,29/03/2011,Haryana,Faridabad,"Shivalic Global Industries, Faridabad",Haryana State Pollution Control Board,Industrial Area,38,84,232,NA
331,31/03/2011,Haryana,Faridabad,"Shivalic Global Industries, Faridabad",Haryana State Pollution Control Board,Industrial Area,37,80,214,NA
331,4/5/2011,Haryana,Faridabad,"Shivalic Global Industries, Faridabad",Haryana State Pollution Control Board,Industrial Area,34,62,214,NA
331,4/7/2011,Haryana,Faridabad,"Shivalic Global Industries, Faridabad",Haryana State Pollution Control Board,Industrial Area,34,66,217,NA
331,4/11/2011,Haryana,Faridabad,"Shivalic Global Industries, Faridabad",Haryana State Pollution Control Board,Industrial Area,27,58,223,NA
331,19/04/2011,Haryana,Faridabad,"Shivalic Global Industries, Faridabad",Haryana State Pollution Control Board,Industrial Area,29,66,219,NA
331,21/04/2011,Haryana,Faridabad,"Shivalic Global Industries, Faridabad",Haryana State Pollution Control Board,Industrial Area,30,77,227,NA
331,26/04/2011,Haryana,Faridabad,"Shivalic Global Industries, Faridabad",Haryana State Pollution Control Board,Industrial Area,34,68,209,NA
331,28/04/2011,Haryana,Faridabad,"Shivalic Global Industries, Faridabad",Haryana State Pollution Control Board,Industrial Area,29,63,212,NA
331,29/04/2011,Haryana,Faridabad,"Shivalic Global Industries, Faridabad",Haryana State Pollution Control Board,Industrial Area,35,72,230,NA
331,5/3/2011,Haryana,Faridabad,"Shivalic Global Industries, Faridabad",Haryana State Pollution Control Board,Industrial Area,36,64,220,NA
331,5/10/2011,Haryana,Faridabad,"Shivalic Global Industries, Faridabad",Haryana State Pollution Control Board,Industrial Area,37,67,224,NA
331,5/12/2011,Haryana,Faridabad,"Shivalic Global Industries, Faridabad",Haryana State Pollution Control Board,Industrial Area,38,60,229,NA
331,17/05/2011,Haryana,Faridabad,"Shivalic Global Industries, Faridabad",Haryana State Pollution Control Board,Industrial Area,32,73,219,NA
331,19/05/2011,Haryana,Faridabad,"Shivalic Global Industries, Faridabad",Haryana State Pollution Control Board,Industrial Area,31,78,233,NA
331,24/05/2011,Haryana,Faridabad,"Shivalic Global Industries, Faridabad",Haryana State Pollution Control Board,Industrial Area,38,64,213,NA
331,26/05/2011,Haryana,Faridabad,"Shivalic Global Industries, Faridabad",Haryana State Pollution Control Board,Industrial Area,32,66,223,NA
331,31/05/2011,Haryana,Faridabad,"Shivalic Global Industries, Faridabad",Haryana State Pollution Control Board,Industrial Area,34,72,227,NA
331,6/1/2011,Haryana,Faridabad,"Shivalic Global Industries, Faridabad",Haryana State Pollution Control Board,Industrial Area,11,16,153,NA
331,6/3/2011,Haryana,Faridabad,"Shivalic Global Industries, Faridabad",Haryana State Pollution Control Board,Industrial Area,13,18,157,NA
331,6/6/2011,Haryana,Faridabad,"Shivalic Global Industries, Faridabad",Haryana State Pollution Control Board,Industrial Area,11,17,148,NA
331,6/8/2011,Haryana,Faridabad,"Shivalic Global Industries, Faridabad",Haryana State Pollution Control Board,Industrial Area,10,19,159,NA
331,6/10/2011,Haryana,Faridabad,"Shivalic Global Industries, Faridabad",Haryana State Pollution Control Board,Industrial Area,14,17,171,NA
331,13/06/2011,Haryana,Faridabad,"Shivalic Global Industries, Faridabad",Haryana State Pollution Control Board,Industrial Area,13,18,155,NA
331,17/06/2011,Haryana,Faridabad,"Shivalic Global Industries, Faridabad",Haryana State Pollution Control Board,Industrial Area,16,19,166,NA
331,20/06/2011,Haryana,Faridabad,"Shivalic Global Industries, Faridabad",Haryana State Pollution Control Board,Industrial Area,15,15,165,NA
331,22/06/2011,Haryana,Faridabad,"Shivalic Global Industries, Faridabad",Haryana State Pollution Control Board,Industrial Area,13,20,175,NA
331,24/06/2011,Haryana,Faridabad,"Shivalic Global Industries, Faridabad",Haryana State Pollution Control Board,Industrial Area,16,19,152,NA
331,27/06/2011,Haryana,Faridabad,"Shivalic Global Industries, Faridabad",Haryana State Pollution Control Board,Industrial Area,16,15,145,NA
331,29/06/2011,Haryana,Faridabad,"Shivalic Global Industries, Faridabad",Haryana State Pollution Control Board,Industrial Area,13,18,177,NA
331,7/5/2011,Haryana,Faridabad,"Shivalic Global Industries, Faridabad",Haryana State Pollution Control Board,Industrial Area,15,24,206,NA
331,7/7/2011,Haryana,Faridabad,"Shivalic Global Industries, Faridabad",Haryana State Pollution Control Board,Industrial Area,17,25,209,NA
331,7/12/2011,Haryana,Faridabad,"Shivalic Global Industries, Faridabad",Haryana State Pollution Control Board,Industrial Area,14,25,202,NA
331,14/07/2011,Haryana,Faridabad,"Shivalic Global Industries, Faridabad",Haryana State Pollution Control Board,Industrial Area,19,29,196,NA
331,19/07/2011,Haryana,Faridabad,"Shivalic Global Industries, Faridabad",Haryana State Pollution Control Board,Industrial Area,13,27,198,NA
331,21/07/2011,Haryana,Faridabad,"Shivalic Global Industries, Faridabad",Haryana State Pollution Control Board,Industrial Area,16,31,191,NA
331,26/07/2011,Haryana,Faridabad,"Shivalic Global Industries, Faridabad",Haryana State Pollution Control Board,Industrial Area,16,27,213,NA
331,28/07/2011,Haryana,Faridabad,"Shivalic Global Industries, Faridabad",Haryana State Pollution Control Board,Industrial Area,12,29,185,NA
331,8/9/2011,Haryana,Faridabad,"Shivalic Global Industries, Faridabad",Haryana State Pollution Control Board,Industrial Area,10,18,97,NA
331,8/11/2011,Haryana,Faridabad,"Shivalic Global Industries, Faridabad",Haryana State Pollution Control Board,Industrial Area,9,11,75,NA
331,16/08/2011,Haryana,Faridabad,"Shivalic Global Industries, Faridabad",Haryana State Pollution Control Board,Industrial Area,11,13,93,NA
331,18/08/2011,Haryana,Faridabad,"Shivalic Global Industries, Faridabad",Haryana State Pollution Control Board,Industrial Area,10,15,92,NA
331,30/08/2011,Haryana,Faridabad,"Shivalic Global Industries, Faridabad",Haryana State Pollution Control Board,Industrial Area,8,17,87,NA
331,9/1/2011,Haryana,Faridabad,"Shivalic Global Industries, Faridabad",Haryana State Pollution Control Board,Industrial Area,15,24,141,NA
331,9/6/2011,Haryana,Faridabad,"Shivalic Global Industries, Faridabad",Haryana State Pollution Control Board,Industrial Area,13,21,146,NA
331,9/8/2011,Haryana,Faridabad,"Shivalic Global Industries, Faridabad",Haryana State Pollution Control Board,Industrial Area,13,25,148,NA
331,13/09/2011,Haryana,Faridabad,"Shivalic Global Industries, Faridabad",Haryana State Pollution Control Board,Industrial Area,11,25,151,NA
331,15/09/2011,Haryana,Faridabad,"Shivalic Global Industries, Faridabad",Haryana State Pollution Control Board,Industrial Area,15,24,156,NA
331,20/09/2011,Haryana,Faridabad,"Shivalic Global Industries, Faridabad",Haryana State Pollution Control Board,Industrial Area,14,26,139,NA
331,22/09/2011,Haryana,Faridabad,"Shivalic Global Industries, Faridabad",Haryana State Pollution Control Board,Industrial Area,14,23,155,NA
331,27/09/2011,Haryana,Faridabad,"Shivalic Global Industries, Faridabad",Haryana State Pollution Control Board,Industrial Area,15,19,146,NA
331,29/09/2011,Haryana,Faridabad,"Shivalic Global Industries, Faridabad",Haryana State Pollution Control Board,Industrial Area,16,24,164,NA
331,10/4/2011,Haryana,Faridabad,"Shivalic Global Industries, Faridabad",Haryana State Pollution Control Board,Industrial Area,10,33,185,NA
331,10/7/2011,Haryana,Faridabad,"Shivalic Global Industries, Faridabad",Haryana State Pollution Control Board,Industrial Area,11,32,190,NA
331,13/10/2011,Haryana,Faridabad,"Shivalic Global Industries, Faridabad",Haryana State Pollution Control Board,Industrial Area,14,43,175,NA
331,18/10/2011,Haryana,Faridabad,"Shivalic Global Industries, Faridabad",Haryana State Pollution Control Board,Industrial Area,10,34,188,NA
331,20/10/2011,Haryana,Faridabad,"Shivalic Global Industries, Faridabad",Haryana State Pollution Control Board,Industrial Area,30,58,173,NA
331,25/10/2011,Haryana,Faridabad,"Shivalic Global Industries, Faridabad",Haryana State Pollution Control Board,Industrial Area,8,66,193,NA
331,31/10/2011,Haryana,Faridabad,"Shivalic Global Industries, Faridabad",Haryana State Pollution Control Board,Industrial Area,14,23,189,NA
331,11/3/2011,Haryana,Faridabad,"Shivalic Global Industries, Faridabad",Haryana State Pollution Control Board,Industrial Area,12,40,209,NA
331,11/8/2011,Haryana,Faridabad,"Shivalic Global Industries, Faridabad",Haryana State Pollution Control Board,Industrial Area,13,48,205,NA
331,15/11/2011,Haryana,Faridabad,"Shivalic Global Industries, Faridabad",Haryana State Pollution Control Board,Industrial Area,15,44,211,NA
331,17/11/2011,Haryana,Faridabad,"Shivalic Global Industries, Faridabad",Haryana State Pollution Control Board,Industrial Area,15,46,217,NA
331,22/11/2011,Haryana,Faridabad,"Shivalic Global Industries, Faridabad",Haryana State Pollution Control Board,Industrial Area,28,49,224,NA
331,24/11/2011,Haryana,Faridabad,"Shivalic Global Industries, Faridabad",Haryana State Pollution Control Board,Industrial Area,20,64,212,NA
331,29/11/2011,Haryana,Faridabad,"Shivalic Global Industries, Faridabad",Haryana State Pollution Control Board,Industrial Area,24,37,229,NA
331,12/1/2011,Haryana,Faridabad,"Shivalic Global Industries, Faridabad",Haryana State Pollution Control Board,Industrial Area,19,69,215,NA
331,12/6/2011,Haryana,Faridabad,"Shivalic Global Industries, Faridabad",Haryana State Pollution Control Board,Industrial Area,18,66,209,NA
331,12/8/2011,Haryana,Faridabad,"Shivalic Global Industries, Faridabad",Haryana State Pollution Control Board,Industrial Area,18,49,218,NA
331,13/12/2011,Haryana,Faridabad,"Shivalic Global Industries, Faridabad",Haryana State Pollution Control Board,Industrial Area,21,53,225,NA
331,15/12/2011,Haryana,Faridabad,"Shivalic Global Industries, Faridabad",Haryana State Pollution Control Board,Industrial Area,25,54,234,NA
331,20/12/2011,Haryana,Faridabad,"Shivalic Global Industries, Faridabad",Haryana State Pollution Control Board,Industrial Area,20,61,219,NA
331,22/12/2011,Haryana,Faridabad,"Shivalic Global Industries, Faridabad",Haryana State Pollution Control Board,Industrial Area,32,65,241,NA
331,27/12/2011,Haryana,Faridabad,"Shivalic Global Industries, Faridabad",Haryana State Pollution Control Board,Industrial Area,31,60,225,NA
331,29/12/2011,Haryana,Faridabad,"Shivalic Global Industries, Faridabad",Haryana State Pollution Control Board,Industrial Area,22,60,206,NA
414,1/4/2011,Haryana,Hisar,"Guru Jambehswar University,Hissar",Haryana State Pollution Control Board,"Residential, Rural and other Areas",7,11,52,NA
414,1/8/2011,Haryana,Hisar,"Guru Jambehswar University,Hissar",Haryana State Pollution Control Board,"Residential, Rural and other Areas",7,10,42,NA
414,1/11/2011,Haryana,Hisar,"Guru Jambehswar University,Hissar",Haryana State Pollution Control Board,"Residential, Rural and other Areas",7,10,53,NA
414,15/01/2011,Haryana,Hisar,"Guru Jambehswar University,Hissar",Haryana State Pollution Control Board,"Residential, Rural and other Areas",7,10,53,NA
414,18/01/2011,Haryana,Hisar,"Guru Jambehswar University,Hissar",Haryana State Pollution Control Board,"Residential, Rural and other Areas",6,9,45,NA
414,21/01/2011,Haryana,Hisar,"Guru Jambehswar University,Hissar",Haryana State Pollution Control Board,"Residential, Rural and other Areas",7,10,51,NA
414,26/01/2011,Haryana,Hisar,"Guru Jambehswar University,Hissar",Haryana State Pollution Control Board,"Residential, Rural and other Areas",7,10,63,NA
414,29/01/2011,Haryana,Hisar,"Guru Jambehswar University,Hissar",Haryana State Pollution Control Board,"Residential, Rural and other Areas",7,9,55,NA
414,2/2/2011,Haryana,Hisar,"Guru Jambehswar University,Hissar",Haryana State Pollution Control Board,"Residential, Rural and other Areas",6,9,48,NA
414,2/5/2011,Haryana,Hisar,"Guru Jambehswar University,Hissar",Haryana State Pollution Control Board,"Residential, Rural and other Areas",6,9,52,NA
414,2/8/2011,Haryana,Hisar,"Guru Jambehswar University,Hissar",Haryana State Pollution Control Board,"Residential, Rural and other Areas",6,8,53,NA
414,2/12/2011,Haryana,Hisar,"Guru Jambehswar University,Hissar",Haryana State Pollution Control Board,"Residential, Rural and other Areas",6,8,45,NA
414,16/02/2011,Haryana,Hisar,"Guru Jambehswar University,Hissar",Haryana State Pollution Control Board,"Residential, Rural and other Areas",7,8,49,NA
414,19/02/2011,Haryana,Hisar,"Guru Jambehswar University,Hissar",Haryana State Pollution Control Board,"Residential, Rural and other Areas",6,10,55,NA
414,22/02/2011,Haryana,Hisar,"Guru Jambehswar University,Hissar",Haryana State Pollution Control Board,"Residential, Rural and other Areas",6,8,49,NA
414,26/02/2011,Haryana,Hisar,"Guru Jambehswar University,Hissar",Haryana State Pollution Control Board,"Residential, Rural and other Areas",6,9,58,NA
414,3/1/2011,Haryana,Hisar,"Guru Jambehswar University,Hissar",Haryana State Pollution Control Board,"Residential, Rural and other Areas",5,8,51,NA
414,3/5/2011,Haryana,Hisar,"Guru Jambehswar University,Hissar",Haryana State Pollution Control Board,"Residential, Rural and other Areas",6,8,51,NA
414,3/8/2011,Haryana,Hisar,"Guru Jambehswar University,Hissar",Haryana State Pollution Control Board,"Residential, Rural and other Areas",6,8,58,NA
414,3/12/2011,Haryana,Hisar,"Guru Jambehswar University,Hissar",Haryana State Pollution Control Board,"Residential, Rural and other Areas",6,7,48,NA
414,16/03/2011,Haryana,Hisar,"Guru Jambehswar University,Hissar",Haryana State Pollution Control Board,"Residential, Rural and other Areas",5,7,55,NA
414,19/03/2011,Haryana,Hisar,"Guru Jambehswar University,Hissar",Haryana State Pollution Control Board,"Residential, Rural and other Areas",7,9,62,NA
414,22/03/2011,Haryana,Hisar,"Guru Jambehswar University,Hissar",Haryana State Pollution Control Board,"Residential, Rural and other Areas",7,11,71,NA
414,26/03/2011,Haryana,Hisar,"Guru Jambehswar University,Hissar",Haryana State Pollution Control Board,"Residential, Rural and other Areas",6,9,55,NA
414,29/03/2011,Haryana,Hisar,"Guru Jambehswar University,Hissar",Haryana State Pollution Control Board,"Residential, Rural and other Areas",6,9,65,NA
414,4/2/2011,Haryana,Hisar,"Guru Jambehswar University,Hissar",Haryana State Pollution Control Board,"Residential, Rural and other Areas",6,9,59,NA
414,4/5/2011,Haryana,Hisar,"Guru Jambehswar University,Hissar",Haryana State Pollution Control Board,"Residential, Rural and other Areas",6,10,64,NA
414,4/8/2011,Haryana,Hisar,"Guru Jambehswar University,Hissar",Haryana State Pollution Control Board,"Residential, Rural and other Areas",6,10,66,NA
414,4/12/2011,Haryana,Hisar,"Guru Jambehswar University,Hissar",Haryana State Pollution Control Board,"Residential, Rural and other Areas",7,10,62,NA
414,16/04/2011,Haryana,Hisar,"Guru Jambehswar University,Hissar",Haryana State Pollution Control Board,"Residential, Rural and other Areas",7,8,75,NA
414,19/04/2011,Haryana,Hisar,"Guru Jambehswar University,Hissar",Haryana State Pollution Control Board,"Residential, Rural and other Areas",6,10,68,NA
414,23/04/2011,Haryana,Hisar,"Guru Jambehswar University,Hissar",Haryana State Pollution Control Board,"Residential, Rural and other Areas",6,9,66,NA
414,26/04/2011,Haryana,Hisar,"Guru Jambehswar University,Hissar",Haryana State Pollution Control Board,"Residential, Rural and other Areas",6,6,52,NA
414,30/04/2011,Haryana,Hisar,"Guru Jambehswar University,Hissar",Haryana State Pollution Control Board,"Residential, Rural and other Areas",6,5,56,NA
414,5/3/2011,Haryana,Hisar,"Guru Jambehswar University,Hissar",Haryana State Pollution Control Board,"Residential, Rural and other Areas",5,5,52,NA
414,5/7/2011,Haryana,Hisar,"Guru Jambehswar University,Hissar",Haryana State Pollution Control Board,"Residential, Rural and other Areas",6,8,45,NA
414,5/10/2011,Haryana,Hisar,"Guru Jambehswar University,Hissar",Haryana State Pollution Control Board,"Residential, Rural and other Areas",5,6,55,NA
414,14/05/2011,Haryana,Hisar,"Guru Jambehswar University,Hissar",Haryana State Pollution Control Board,"Residential, Rural and other Areas",5,6,56,NA
414,17/05/2011,Haryana,Hisar,"Guru Jambehswar University,Hissar",Haryana State Pollution Control Board,"Residential, Rural and other Areas",5,5,54,NA
414,20/05/2011,Haryana,Hisar,"Guru Jambehswar University,Hissar",Haryana State Pollution Control Board,"Residential, Rural and other Areas",5,5,56,NA
414,24/05/2011,Haryana,Hisar,"Guru Jambehswar University,Hissar",Haryana State Pollution Control Board,"Residential, Rural and other Areas",6,5,55,NA
414,28/05/2011,Haryana,Hisar,"Guru Jambehswar University,Hissar",Haryana State Pollution Control Board,"Residential, Rural and other Areas",5,7,56,NA
414,6/3/2011,Haryana,Hisar,"Guru Jambehswar University,Hissar",Haryana State Pollution Control Board,"Residential, Rural and other Areas",5,5,62,NA
414,6/7/2011,Haryana,Hisar,"Guru Jambehswar University,Hissar",Haryana State Pollution Control Board,"Residential, Rural and other Areas",5,6,50,NA
414,6/11/2011,Haryana,Hisar,"Guru Jambehswar University,Hissar",Haryana State Pollution Control Board,"Residential, Rural and other Areas",5,5,61,NA
414,14/06/2011,Haryana,Hisar,"Guru Jambehswar University,Hissar",Haryana State Pollution Control Board,"Residential, Rural and other Areas",5,6,49,NA
414,18/06/2011,Haryana,Hisar,"Guru Jambehswar University,Hissar",Haryana State Pollution Control Board,"Residential, Rural and other Areas",5,6,54,NA
414,21/06/2011,Haryana,Hisar,"Guru Jambehswar University,Hissar",Haryana State Pollution Control Board,"Residential, Rural and other Areas",5,5,59,NA
414,25/06/2011,Haryana,Hisar,"Guru Jambehswar University,Hissar",Haryana State Pollution Control Board,"Residential, Rural and other Areas",6,6,59,NA
414,28/06/2011,Haryana,Hisar,"Guru Jambehswar University,Hissar",Haryana State Pollution Control Board,"Residential, Rural and other Areas",6,5,63,NA
414,7/1/2011,Haryana,Hisar,"Guru Jambehswar University,Hissar",Haryana State Pollution Control Board,"Residential, Rural and other Areas",5,5,63,NA
414,7/9/2011,Haryana,Hisar,"Guru Jambehswar University,Hissar",Haryana State Pollution Control Board,"Residential, Rural and other Areas",5,5,59,NA
414,7/12/2011,Haryana,Hisar,"Guru Jambehswar University,Hissar",Haryana State Pollution Control Board,"Residential, Rural and other Areas",5,6,69,NA
414,15/07/2011,Haryana,Hisar,"Guru Jambehswar University,Hissar",Haryana State Pollution Control Board,"Residential, Rural and other Areas",6,5,68,NA
414,19/07/2011,Haryana,Hisar,"Guru Jambehswar University,Hissar",Haryana State Pollution Control Board,"Residential, Rural and other Areas",6,5,63,NA
414,22/07/2011,Haryana,Hisar,"Guru Jambehswar University,Hissar",Haryana State Pollution Control Board,"Residential, Rural and other Areas",5,5,61,NA
414,26/07/2011,Haryana,Hisar,"Guru Jambehswar University,Hissar",Haryana State Pollution Control Board,"Residential, Rural and other Areas",6,5,59,NA
414,29/07/2011,Haryana,Hisar,"Guru Jambehswar University,Hissar",Haryana State Pollution Control Board,"Residential, Rural and other Areas",6,5,71,NA
414,8/2/2011,Haryana,Hisar,"Guru Jambehswar University,Hissar",Haryana State Pollution Control Board,"Residential, Rural and other Areas",4,5,69,NA
414,8/5/2011,Haryana,Hisar,"Guru Jambehswar University,Hissar",Haryana State Pollution Control Board,"Residential, Rural and other Areas",4,5,71,NA
414,8/9/2011,Haryana,Hisar,"Guru Jambehswar University,Hissar",Haryana State Pollution Control Board,"Residential, Rural and other Areas",3,5,59,NA
414,13/08/2011,Haryana,Hisar,"Guru Jambehswar University,Hissar",Haryana State Pollution Control Board,"Residential, Rural and other Areas",4,5,59,NA
414,16/08/2011,Haryana,Hisar,"Guru Jambehswar University,Hissar",Haryana State Pollution Control Board,"Residential, Rural and other Areas",3,5,65,NA
414,19/08/2011,Haryana,Hisar,"Guru Jambehswar University,Hissar",Haryana State Pollution Control Board,"Residential, Rural and other Areas",4,5,56,NA
414,23/08/2011,Haryana,Hisar,"Guru Jambehswar University,Hissar",Haryana State Pollution Control Board,"Residential, Rural and other Areas",4,5,55,NA
414,27/08/2011,Haryana,Hisar,"Guru Jambehswar University,Hissar",Haryana State Pollution Control Board,"Residential, Rural and other Areas",4,5,63,NA
414,30/08/2011,Haryana,Hisar,"Guru Jambehswar University,Hissar",Haryana State Pollution Control Board,"Residential, Rural and other Areas",3,5,60,NA
414,9/2/2011,Haryana,Hisar,"Guru Jambehswar University,Hissar",Haryana State Pollution Control Board,"Residential, Rural and other Areas",2,5,81,NA
414,9/6/2011,Haryana,Hisar,"Guru Jambehswar University,Hissar",Haryana State Pollution Control Board,"Residential, Rural and other Areas",2,5,87,NA
414,9/9/2011,Haryana,Hisar,"Guru Jambehswar University,Hissar",Haryana State Pollution Control Board,"Residential, Rural and other Areas",2,5,73,NA
414,13/09/2011,Haryana,Hisar,"Guru Jambehswar University,Hissar",Haryana State Pollution Control Board,"Residential, Rural and other Areas",2,5,83,NA
414,16/09/2011,Haryana,Hisar,"Guru Jambehswar University,Hissar",Haryana State Pollution Control Board,"Residential, Rural and other Areas",2,5,83,NA
414,20/09/2011,Haryana,Hisar,"Guru Jambehswar University,Hissar",Haryana State Pollution Control Board,"Residential, Rural and other Areas",2,5,79,NA
414,23/09/2011,Haryana,Hisar,"Guru Jambehswar University,Hissar",Haryana State Pollution Control Board,"Residential, Rural and other Areas",2,5,78,NA
414,27/09/2011,Haryana,Hisar,"Guru Jambehswar University,Hissar",Haryana State Pollution Control Board,"Residential, Rural and other Areas",2,5,77,NA
414,30/09/2011,Haryana,Hisar,"Guru Jambehswar University,Hissar",Haryana State Pollution Control Board,"Residential, Rural and other Areas",2,5,71,NA
414,10/4/2011,Haryana,Hisar,"Guru Jambehswar University,Hissar",Haryana State Pollution Control Board,"Residential, Rural and other Areas",3,5,89,NA
414,10/7/2011,Haryana,Hisar,"Guru Jambehswar University,Hissar",Haryana State Pollution Control Board,"Residential, Rural and other Areas",2,5,101,NA
414,10/11/2011,Haryana,Hisar,"Guru Jambehswar University,Hissar",Haryana State Pollution Control Board,"Residential, Rural and other Areas",2,5,89,NA
414,14/10/2011,Haryana,Hisar,"Guru Jambehswar University,Hissar",Haryana State Pollution Control Board,"Residential, Rural and other Areas",3,5,81,NA
414,18/10/2011,Haryana,Hisar,"Guru Jambehswar University,Hissar",Haryana State Pollution Control Board,"Residential, Rural and other Areas",3,5,79,NA
414,21/10/2011,Haryana,Hisar,"Guru Jambehswar University,Hissar",Haryana State Pollution Control Board,"Residential, Rural and other Areas",4,5,100,NA
414,25/10/2011,Haryana,Hisar,"Guru Jambehswar University,Hissar",Haryana State Pollution Control Board,"Residential, Rural and other Areas",4,5,183,NA
414,28/10/2011,Haryana,Hisar,"Guru Jambehswar University,Hissar",Haryana State Pollution Control Board,"Residential, Rural and other Areas",3,5,131,NA
414,11/1/2011,Haryana,Hisar,"Guru Jambehswar University,Hissar",Haryana State Pollution Control Board,"Residential, Rural and other Areas",2,6,99,NA
414,11/4/2011,Haryana,Hisar,"Guru Jambehswar University,Hissar",Haryana State Pollution Control Board,"Residential, Rural and other Areas",3,6,95,NA
414,11/7/2011,Haryana,Hisar,"Guru Jambehswar University,Hissar",Haryana State Pollution Control Board,"Residential, Rural and other Areas",3,7,77,NA
414,11/11/2011,Haryana,Hisar,"Guru Jambehswar University,Hissar",Haryana State Pollution Control Board,"Residential, Rural and other Areas",3,7,81,NA
414,14/11/2011,Haryana,Hisar,"Guru Jambehswar University,Hissar",Haryana State Pollution Control Board,"Residential, Rural and other Areas",3,8,77,NA
414,18/11/2011,Haryana,Hisar,"Guru Jambehswar University,Hissar",Haryana State Pollution Control Board,"Residential, Rural and other Areas",3,7,88,NA
414,21/11/2011,Haryana,Hisar,"Guru Jambehswar University,Hissar",Haryana State Pollution Control Board,"Residential, Rural and other Areas",4,8,79,NA
414,25/11/2011,Haryana,Hisar,"Guru Jambehswar University,Hissar",Haryana State Pollution Control Board,"Residential, Rural and other Areas",3,8,76,NA
414,29/11/2011,Haryana,Hisar,"Guru Jambehswar University,Hissar",Haryana State Pollution Control Board,"Residential, Rural and other Areas",3,7,82,NA
414,12/2/2011,Haryana,Hisar,"Guru Jambehswar University,Hissar",Haryana State Pollution Control Board,"Residential, Rural and other Areas",3,7,89,NA
414,12/6/2011,Haryana,Hisar,"Guru Jambehswar University,Hissar",Haryana State Pollution Control Board,"Residential, Rural and other Areas",3,7,84,NA
414,12/9/2011,Haryana,Hisar,"Guru Jambehswar University,Hissar",Haryana State Pollution Control Board,"Residential, Rural and other Areas",3,7,83,NA
414,13/12/2011,Haryana,Hisar,"Guru Jambehswar University,Hissar",Haryana State Pollution Control Board,"Residential, Rural and other Areas",3,7,77,NA
414,16/12/2011,Haryana,Hisar,"Guru Jambehswar University,Hissar",Haryana State Pollution Control Board,"Residential, Rural and other Areas",3,7,76,NA
414,19/12/2011,Haryana,Hisar,"Guru Jambehswar University,Hissar",Haryana State Pollution Control Board,"Residential, Rural and other Areas",3,6,81,NA
414,23/12/2011,Haryana,Hisar,"Guru Jambehswar University,Hissar",Haryana State Pollution Control Board,"Residential, Rural and other Areas",4,8,65,NA
414,29/12/2011,Haryana,Hisar,"Guru Jambehswar University,Hissar",Haryana State Pollution Control Board,"Residential, Rural and other Areas",3,8,77,NA
414,30/12/2011,Haryana,Hisar,"Guru Jambehswar University,Hissar",Haryana State Pollution Control Board,"Residential, Rural and other Areas",4,8,83,NA
390,5/2/2011,Haryana,Hisar,"Urban Estate - II, Hissar",Haryana State Pollution Control Board,"Residential, Rural and other Areas",6,6,328,NA
390,5/5/2011,Haryana,Hisar,"Urban Estate - II, Hissar",Haryana State Pollution Control Board,"Residential, Rural and other Areas",7,6,413,NA
390,5/9/2011,Haryana,Hisar,"Urban Estate - II, Hissar",Haryana State Pollution Control Board,"Residential, Rural and other Areas",8,6,216,NA
390,5/12/2011,Haryana,Hisar,"Urban Estate - II, Hissar",Haryana State Pollution Control Board,"Residential, Rural and other Areas",7,9,331,NA
390,16/05/2011,Haryana,Hisar,"Urban Estate - II, Hissar",Haryana State Pollution Control Board,"Residential, Rural and other Areas",7,7,318,NA
390,17/05/2011,Haryana,Hisar,"Urban Estate - II, Hissar",Haryana State Pollution Control Board,"Residential, Rural and other Areas",6,5,179,NA
390,23/05/2011,Haryana,Hisar,"Urban Estate - II, Hissar",Haryana State Pollution Control Board,"Residential, Rural and other Areas",8,7,184,NA
390,6/2/2011,Haryana,Hisar,"Urban Estate - II, Hissar",Haryana State Pollution Control Board,"Residential, Rural and other Areas",7,6,256,NA
390,6/6/2011,Haryana,Hisar,"Urban Estate - II, Hissar",Haryana State Pollution Control Board,"Residential, Rural and other Areas",7,6,290,NA
390,6/9/2011,Haryana,Hisar,"Urban Estate - II, Hissar",Haryana State Pollution Control Board,"Residential, Rural and other Areas",8,9,101,NA
390,13/06/2011,Haryana,Hisar,"Urban Estate - II, Hissar",Haryana State Pollution Control Board,"Residential, Rural and other Areas",7,6,96,NA
390,16/06/2011,Haryana,Hisar,"Urban Estate - II, Hissar",Haryana State Pollution Control Board,"Residential, Rural and other Areas",5,6,108,NA
390,20/06/2011,Haryana,Hisar,"Urban Estate - II, Hissar",Haryana State Pollution Control Board,"Residential, Rural and other Areas",5,6,85,NA
390,23/06/2011,Haryana,Hisar,"Urban Estate - II, Hissar",Haryana State Pollution Control Board,"Residential, Rural and other Areas",7,9,64,NA
390,27/06/2011,Haryana,Hisar,"Urban Estate - II, Hissar",Haryana State Pollution Control Board,"Residential, Rural and other Areas",8,8,41,NA
390,7/4/2011,Haryana,Hisar,"Urban Estate - II, Hissar",Haryana State Pollution Control Board,"Residential, Rural and other Areas",7,7,49,NA
390,7/11/2011,Haryana,Hisar,"Urban Estate - II, Hissar",Haryana State Pollution Control Board,"Residential, Rural and other Areas",5,8,56,NA
390,14/07/2011,Haryana,Hisar,"Urban Estate - II, Hissar",Haryana State Pollution Control Board,"Residential, Rural and other Areas",7,8,54,NA
390,18/07/2011,Haryana,Hisar,"Urban Estate - II, Hissar",Haryana State Pollution Control Board,"Residential, Rural and other Areas",8,9,67,NA
390,21/07/2011,Haryana,Hisar,"Urban Estate - II, Hissar",Haryana State Pollution Control Board,"Residential, Rural and other Areas",7,9,53,NA
390,25/07/2011,Haryana,Hisar,"Urban Estate - II, Hissar",Haryana State Pollution Control Board,"Residential, Rural and other Areas",8,8,41,NA
390,28/07/2011,Haryana,Hisar,"Urban Estate - II, Hissar",Haryana State Pollution Control Board,"Residential, Rural and other Areas",7,7,25,NA
390,8/1/2011,Haryana,Hisar,"Urban Estate - II, Hissar",Haryana State Pollution Control Board,"Residential, Rural and other Areas",8,5,53,NA
390,8/4/2011,Haryana,Hisar,"Urban Estate - II, Hissar",Haryana State Pollution Control Board,"Residential, Rural and other Areas",6,5,79,NA
390,8/8/2011,Haryana,Hisar,"Urban Estate - II, Hissar",Haryana State Pollution Control Board,"Residential, Rural and other Areas",6,8,57,NA
390,8/11/2011,Haryana,Hisar,"Urban Estate - II, Hissar",Haryana State Pollution Control Board,"Residential, Rural and other Areas",7,5,83,NA
390,15/08/2011,Haryana,Hisar,"Urban Estate - II, Hissar",Haryana State Pollution Control Board,"Residential, Rural and other Areas",7,9,46,NA
390,18/08/2011,Haryana,Hisar,"Urban Estate - II, Hissar",Haryana State Pollution Control Board,"Residential, Rural and other Areas",5,8,39,NA
390,22/08/2011,Haryana,Hisar,"Urban Estate - II, Hissar",Haryana State Pollution Control Board,"Residential, Rural and other Areas",6,7,53,NA
390,25/08/2011,Haryana,Hisar,"Urban Estate - II, Hissar",Haryana State Pollution Control Board,"Residential, Rural and other Areas",7,7,45,NA
390,9/1/2011,Haryana,Hisar,"Urban Estate - II, Hissar",Haryana State Pollution Control Board,"Residential, Rural and other Areas",7,6,20,NA
390,9/8/2011,Haryana,Hisar,"Urban Estate - II, Hissar",Haryana State Pollution Control Board,"Residential, Rural and other Areas",6,8,42,NA
390,9/12/2011,Haryana,Hisar,"Urban Estate - II, Hissar",Haryana State Pollution Control Board,"Residential, Rural and other Areas",7,8,40,NA
390,19/09/2011,Haryana,Hisar,"Urban Estate - II, Hissar",Haryana State Pollution Control Board,"Residential, Rural and other Areas",7,6,49,NA
390,22/09/2011,Haryana,Hisar,"Urban Estate - II, Hissar",Haryana State Pollution Control Board,"Residential, Rural and other Areas",5,5,56,NA
390,26/09/2011,Haryana,Hisar,"Urban Estate - II, Hissar",Haryana State Pollution Control Board,"Residential, Rural and other Areas",6,7,70,NA
390,10/3/2011,Haryana,Hisar,"Urban Estate - II, Hissar",Haryana State Pollution Control Board,"Residential, Rural and other Areas",6,7,96,NA
390,10/6/2011,Haryana,Hisar,"Urban Estate - II, Hissar",Haryana State Pollution Control Board,"Residential, Rural and other Areas",7,8,116,NA
390,10/10/2011,Haryana,Hisar,"Urban Estate - II, Hissar",Haryana State Pollution Control Board,"Residential, Rural and other Areas",7,9,106,NA
390,17/10/2011,Haryana,Hisar,"Urban Estate - II, Hissar",Haryana State Pollution Control Board,"Residential, Rural and other Areas",5,5,70,NA
390,20/10/2011,Haryana,Hisar,"Urban Estate - II, Hissar",Haryana State Pollution Control Board,"Residential, Rural and other Areas",7,6,120,NA
390,24/10/2011,Haryana,Hisar,"Urban Estate - II, Hissar",Haryana State Pollution Control Board,"Residential, Rural and other Areas",6,5,225,NA
390,27/10/2011,Haryana,Hisar,"Urban Estate - II, Hissar",Haryana State Pollution Control Board,"Residential, Rural and other Areas",5,6,133,NA
390,31/10/2011,Haryana,Hisar,"Urban Estate - II, Hissar",Haryana State Pollution Control Board,"Residential, Rural and other Areas",7,9,196,NA
390,11/3/2011,Haryana,Hisar,"Urban Estate - II, Hissar",Haryana State Pollution Control Board,"Residential, Rural and other Areas",6,5,178,NA
390,11/7/2011,Haryana,Hisar,"Urban Estate - II, Hissar",Haryana State Pollution Control Board,"Residential, Rural and other Areas",5,5,229,NA
390,11/10/2011,Haryana,Hisar,"Urban Estate - II, Hissar",Haryana State Pollution Control Board,"Residential, Rural and other Areas",6,5,235,NA
390,14/11/2011,Haryana,Hisar,"Urban Estate - II, Hissar",Haryana State Pollution Control Board,"Residential, Rural and other Areas",5,5,242,NA
390,17/11/2011,Haryana,Hisar,"Urban Estate - II, Hissar",Haryana State Pollution Control Board,"Residential, Rural and other Areas",6,5,154,NA
390,21/11/2011,Haryana,Hisar,"Urban Estate - II, Hissar",Haryana State Pollution Control Board,"Residential, Rural and other Areas",6,8,226,NA
390,24/11/2011,Haryana,Hisar,"Urban Estate - II, Hissar",Haryana State Pollution Control Board,"Residential, Rural and other Areas",7,9,213,NA
390,28/11/2011,Haryana,Hisar,"Urban Estate - II, Hissar",Haryana State Pollution Control Board,"Residential, Rural and other Areas",6,5,213,NA
390,12/1/2011,Haryana,Hisar,"Urban Estate - II, Hissar",Haryana State Pollution Control Board,"Residential, Rural and other Areas",7,8,189,NA
390,12/5/2011,Haryana,Hisar,"Urban Estate - II, Hissar",Haryana State Pollution Control Board,"Residential, Rural and other Areas",6,7,148,NA
390,12/8/2011,Haryana,Hisar,"Urban Estate - II, Hissar",Haryana State Pollution Control Board,"Residential, Rural and other Areas",5,7,177,NA
390,12/12/2011,Haryana,Hisar,"Urban Estate - II, Hissar",Haryana State Pollution Control Board,"Residential, Rural and other Areas",7,8,124,NA
390,15/12/2011,Haryana,Hisar,"Urban Estate - II, Hissar",Haryana State Pollution Control Board,"Residential, Rural and other Areas",6,6,132,NA
390,19/12/2011,Haryana,Hisar,"Urban Estate - II, Hissar",Haryana State Pollution Control Board,"Residential, Rural and other Areas",6,9,166,NA
390,22/12/2011,Haryana,Hisar,"Urban Estate - II, Hissar",Haryana State Pollution Control Board,"Residential, Rural and other Areas",7,5,130,NA
390,26/12/2011,Haryana,Hisar,"Urban Estate - II, Hissar",Haryana State Pollution Control Board,"Residential, Rural and other Areas",5,6,201,NA
196,1/4/2011,Haryana,Yamuna Nagar,"Ballarpur Industries, Yamunanagar",Haryana State Pollution Control Board,Industrial Area,8,29,168,NA
196,1/12/2011,Haryana,Yamuna Nagar,"Ballarpur Industries, Yamunanagar",Haryana State Pollution Control Board,Industrial Area,9,29,169,NA
196,13/01/2011,Haryana,Yamuna Nagar,"Ballarpur Industries, Yamunanagar",Haryana State Pollution Control Board,Industrial Area,11,26,279,NA
196,18/01/2011,Haryana,Yamuna Nagar,"Ballarpur Industries, Yamunanagar",Haryana State Pollution Control Board,Industrial Area,10,27,214,NA
196,19/01/2011,Haryana,Yamuna Nagar,"Ballarpur Industries, Yamunanagar",Haryana State Pollution Control Board,Industrial Area,9,27,195,NA
196,25/01/2011,Haryana,Yamuna Nagar,"Ballarpur Industries, Yamunanagar",Haryana State Pollution Control Board,Industrial Area,9,28,217,NA
196,2/2/2011,Haryana,Yamuna Nagar,"Ballarpur Industries, Yamunanagar",Haryana State Pollution Control Board,Industrial Area,8,27,164,NA
196,2/3/2011,Haryana,Yamuna Nagar,"Ballarpur Industries, Yamunanagar",Haryana State Pollution Control Board,Industrial Area,11,25,266,NA
196,22/02/2011,Haryana,Yamuna Nagar,"Ballarpur Industries, Yamunanagar",Haryana State Pollution Control Board,Industrial Area,10,26,229,NA
196,23/02/2011,Haryana,Yamuna Nagar,"Ballarpur Industries, Yamunanagar",Haryana State Pollution Control Board,Industrial Area,10,27,182,NA
196,3/1/2011,Haryana,Yamuna Nagar,"Ballarpur Industries, Yamunanagar",Haryana State Pollution Control Board,Industrial Area,10,28,150,NA
196,3/2/2011,Haryana,Yamuna Nagar,"Ballarpur Industries, Yamunanagar",Haryana State Pollution Control Board,Industrial Area,10,28,128,NA
196,22/03/2011,Haryana,Yamuna Nagar,"Ballarpur Industries, Yamunanagar",Haryana State Pollution Control Board,Industrial Area,10,28,151,NA
196,23/03/2011,Haryana,Yamuna Nagar,"Ballarpur Industries, Yamunanagar",Haryana State Pollution Control Board,Industrial Area,8,29,83,NA
196,29/03/2011,Haryana,Yamuna Nagar,"Ballarpur Industries, Yamunanagar",Haryana State Pollution Control Board,Industrial Area,8,29,80,NA
196,30/03/2011,Haryana,Yamuna Nagar,"Ballarpur Industries, Yamunanagar",Haryana State Pollution Control Board,Industrial Area,10,28,138,NA
196,4/5/2011,Haryana,Yamuna Nagar,"Ballarpur Industries, Yamunanagar",Haryana State Pollution Control Board,Industrial Area,12,30,166,NA
196,4/6/2011,Haryana,Yamuna Nagar,"Ballarpur Industries, Yamunanagar",Haryana State Pollution Control Board,Industrial Area,13,28,154,NA
196,18/04/2011,Haryana,Yamuna Nagar,"Ballarpur Industries, Yamunanagar",Haryana State Pollution Control Board,Industrial Area,12,31,109,NA
196,19/04/2011,Haryana,Yamuna Nagar,"Ballarpur Industries, Yamunanagar",Haryana State Pollution Control Board,Industrial Area,11,32,84,NA
196,25/04/2011,Haryana,Yamuna Nagar,"Ballarpur Industries, Yamunanagar",Haryana State Pollution Control Board,Industrial Area,12,30,135,NA
196,26/04/2011,Haryana,Yamuna Nagar,"Ballarpur Industries, Yamunanagar",Haryana State Pollution Control Board,Industrial Area,12,30,102,NA
196,5/3/2011,Haryana,Yamuna Nagar,"Ballarpur Industries, Yamunanagar",Haryana State Pollution Control Board,Industrial Area,14,26,177,NA
196,5/4/2011,Haryana,Yamuna Nagar,"Ballarpur Industries, Yamunanagar",Haryana State Pollution Control Board,Industrial Area,13,26,176,NA
196,5/10/2011,Haryana,Yamuna Nagar,"Ballarpur Industries, Yamunanagar",Haryana State Pollution Control Board,Industrial Area,14,27,211,NA
196,5/11/2011,Haryana,Yamuna Nagar,"Ballarpur Industries, Yamunanagar",Haryana State Pollution Control Board,Industrial Area,16,25,252,NA
196,17/05/2011,Haryana,Yamuna Nagar,"Ballarpur Industries, Yamunanagar",Haryana State Pollution Control Board,Industrial Area,12,27,232,NA
196,18/05/2011,Haryana,Yamuna Nagar,"Ballarpur Industries, Yamunanagar",Haryana State Pollution Control Board,Industrial Area,11,27,149,NA
196,24/05/2011,Haryana,Yamuna Nagar,"Ballarpur Industries, Yamunanagar",Haryana State Pollution Control Board,Industrial Area,12,27,148,NA
196,25/05/2011,Haryana,Yamuna Nagar,"Ballarpur Industries, Yamunanagar",Haryana State Pollution Control Board,Industrial Area,12,27,224,NA
196,10/4/2011,Haryana,Yamuna Nagar,"Ballarpur Industries, Yamunanagar",Haryana State Pollution Control Board,Industrial Area,11,23,189,NA
196,10/5/2011,Haryana,Yamuna Nagar,"Ballarpur Industries, Yamunanagar",Haryana State Pollution Control Board,Industrial Area,14,23,70,NA
196,10/12/2011,Haryana,Yamuna Nagar,"Ballarpur Industries, Yamunanagar",Haryana State Pollution Control Board,Industrial Area,12,23,68,NA
196,13/10/2011,Haryana,Yamuna Nagar,"Ballarpur Industries, Yamunanagar",Haryana State Pollution Control Board,Industrial Area,12,24,50,NA
196,18/10/2011,Haryana,Yamuna Nagar,"Ballarpur Industries, Yamunanagar",Haryana State Pollution Control Board,Industrial Area,10,25,62,NA
196,19/10/2011,Haryana,Yamuna Nagar,"Ballarpur Industries, Yamunanagar",Haryana State Pollution Control Board,Industrial Area,10,23,88,NA
196,24/10/2011,Haryana,Yamuna Nagar,"Ballarpur Industries, Yamunanagar",Haryana State Pollution Control Board,Industrial Area,10,25,51,NA
196,11/2/2011,Haryana,Yamuna Nagar,"Ballarpur Industries, Yamunanagar",Haryana State Pollution Control Board,Industrial Area,11,25,126,NA
196,11/3/2011,Haryana,Yamuna Nagar,"Ballarpur Industries, Yamunanagar",Haryana State Pollution Control Board,Industrial Area,11,23,302,NA
196,11/8/2011,Haryana,Yamuna Nagar,"Ballarpur Industries, Yamunanagar",Haryana State Pollution Control Board,Industrial Area,12,25,274,NA
196,11/9/2011,Haryana,Yamuna Nagar,"Ballarpur Industries, Yamunanagar",Haryana State Pollution Control Board,Industrial Area,12,26,215,NA
196,15/11/2011,Haryana,Yamuna Nagar,"Ballarpur Industries, Yamunanagar",Haryana State Pollution Control Board,Industrial Area,10,24,363,NA
196,16/11/2011,Haryana,Yamuna Nagar,"Ballarpur Industries, Yamunanagar",Haryana State Pollution Control Board,Industrial Area,13,25,230,NA
196,21/11/2011,Haryana,Yamuna Nagar,"Ballarpur Industries, Yamunanagar",Haryana State Pollution Control Board,Industrial Area,11,26,216,NA
196,22/11/2011,Haryana,Yamuna Nagar,"Ballarpur Industries, Yamunanagar",Haryana State Pollution Control Board,Industrial Area,13,24,253,NA
196,28/11/2011,Haryana,Yamuna Nagar,"Ballarpur Industries, Yamunanagar",Haryana State Pollution Control Board,Industrial Area,13,25,223,NA
196,29/11/2011,Haryana,Yamuna Nagar,"Ballarpur Industries, Yamunanagar",Haryana State Pollution Control Board,Industrial Area,13,25,NA,NA
